active_regime,hour_of_day,risk_flags,rule_best_candidate_id,rule_best_score,rule_best_template_name,selected_candidate_id,selected_minus_competitor,selected_score,selected_source_prior,selected_template_name,status,step,total_margin
NORMAL_BALANCED,2.5,"{""any_risk"": false, ""dew_risk"": false, ""dry_or_high_vpd_risk"": false, ""dry_risk"": false, ""high_vpd"": false, ""humidity_or_dew_risk"": false, ""rh_ge_90"": false}",rule_prior:hold_all:5,0.8817392687797547,hold_all,previous_plan_prior:previous_shift_all:2,"{""base_final_score"": 0.11202166151255366, ""final_score"": 0.12402166151255356, ""prior_confidence_bonus"": 0.011999999999999997, ""projected_energy_proxy"": 0.6634777434170246, ""projected_low_reversal"": 0.0, ""projected_smoothness"": -0.0459419714907805, ""raw_energy_proxy"": 0.6634777434170246, ""raw_low_reversal"": 0.0, ""raw_smoothness"": -0.0459419714907805, ""rewrite_penalty"": 0.0, ""risk_static_hold_penalty"": 0.0, ""uncertainty_penalty"": 0.0}",1.0057609302923083,previous_plan_prior,previous_shift_all,lower_score,490,0.12402166151255356
NORMAL_BALANCED,4.5,"{""any_risk"": false, ""dew_risk"": false, ""dry_or_high_vpd_risk"": false, ""dry_risk"": false, ""high_vpd"": false, ""humidity_or_dew_risk"": false, ""rh_ge_90"": false}",rule_prior:hold_all:5,0.8918141345977784,hold_all,previous_plan_prior:previous_shift_all:2,"{""base_final_score"": 0.10447954948991534, ""final_score"": 0.11647954948991535, ""prior_confidence_bonus"": 0.011999999999999997, ""projected_energy_proxy"": 0.6256969965994358, ""projected_low_reversal"": 0.0, ""projected_smoothness"": -0.04591077739993732, ""raw_energy_proxy"": 0.6256969965994358, ""raw_low_reversal"": 0.0, ""raw_smoothness"": -0.04591077739993732, ""rewrite_penalty"": 0.0, ""risk_static_hold_penalty"": 0.0, ""uncertainty_penalty"": 0.0}",1.0082936840876937,previous_plan_prior,previous_shift_all,lower_score,498,0.11647954948991535
NORMAL_BALANCED,0.25,"{""any_risk"": false, ""dew_risk"": false, ""dry_or_high_vpd_risk"": false, ""dry_risk"": false, ""high_vpd"": false, ""humidity_or_dew_risk"": false, ""rh_ge_90"": false}",rule_prior:hold_all:5,0.8997507076263429,hold_all,previous_plan_prior:previous_shift_all:2,"{""base_final_score"": 0.1000152271613477, ""final_score"": 0.11201522716134771, ""prior_confidence_bonus"": 0.011999999999999997, ""projected_energy_proxy"": 0.5959348477423191, ""projected_low_reversal"": 0.0, ""projected_smoothness"": -0.042603871971368834, ""raw_energy_proxy"": 0.5959348477423191, ""raw_low_reversal"": 0.0, ""raw_smoothness"": -0.042603871971368834, ""rewrite_penalty"": 0.0, ""risk_static_hold_penalty"": 0.0, ""uncertainty_penalty"": 0.0}",1.0117659347876906,previous_plan_prior,previous_shift_all,lower_score,481,0.11201522716134771
NORMAL_BALANCED,2.25,"{""any_risk"": false, ""dew_risk"": false, ""dry_or_high_vpd_risk"": false, ""dry_risk"": false, ""high_vpd"": false, ""humidity_or_dew_risk"": false, ""rh_ge_90"": false}",rule_prior:hold_all:5,0.915295265197754,hold_all,previous_plan_prior:previous_shift_all:2,"{""base_final_score"": 0.09099680812408517, ""final_score"": 0.10299680812408507, ""prior_confidence_bonus"": 0.011999999999999997, ""projected_energy_proxy"": 0.5362697298328082, ""projected_low_reversal"": 0.0, ""projected_smoothness"": -0.036126972983280825, ""raw_energy_proxy"": 0.5362697298328082, ""raw_low_reversal"": 0.0, ""raw_smoothness"": -0.036126972983280825, ""rewrite_penalty"": 0.0, ""risk_static_hold_penalty"": 0.0, ""uncertainty_penalty"": 0.0}",1.018292073321839,previous_plan_prior,previous_shift_all,lower_score,489,0.10299680812408507
NORMAL_BALANCED,4.75,"{""any_risk"": false, ""dew_risk"": false, ""dry_or_high_vpd_risk"": false, ""dry_risk"": false, ""high_vpd"": false, ""humidity_or_dew_risk"": false, ""rh_ge_90"": false}",rule_prior:hold_all:5,0.9187128286361695,hold_all,previous_plan_prior:previous_shift_all:2,"{""base_final_score"": 0.08878963173677523, ""final_score"": 0.10078963173677524, ""prior_confidence_bonus"": 0.011999999999999997, ""projected_energy_proxy"": 0.5220298821727435, ""projected_low_reversal"": 0.0, ""projected_smoothness"": -0.034702988217274355, ""raw_energy_proxy"": 0.5220298821727435, ""raw_low_reversal"": 0.0, ""raw_smoothness"": -0.034702988217274355, ""rewrite_penalty"": 0.0, ""risk_static_hold_penalty"": 0.0, ""uncertainty_penalty"": 0.0}",1.0195024603729448,previous_plan_prior,previous_shift_all,lower_score,499,0.10078963173677524
NORMAL_BALANCED,22.25,"{""any_risk"": false, ""dew_risk"": false, ""dry_or_high_vpd_risk"": false, ""dry_risk"": false, ""high_vpd"": false, ""humidity_or_dew_risk"": false, ""rh_ge_90"": false}",rule_prior:hold_all:5,0.9178101162910463,hold_all,previous_plan_prior:previous_shift_all:2,"{""base_final_score"": 0.08871309182917064, ""final_score"": 0.10071309182917065, ""prior_confidence_bonus"": 0.011999999999999997, ""projected_energy_proxy"": 0.5215360763172309, ""projected_low_reversal"": 0.0, ""projected_smoothness"": -0.03465360763172309, ""raw_energy_proxy"": 0.5215360763172309, ""raw_low_reversal"": 0.0, ""raw_smoothness"": -0.03465360763172309, ""rewrite_penalty"": 0.0, ""risk_static_hold_penalty"": 0.0, ""uncertainty_penalty"": 0.0}",1.018523208120217,previous_plan_prior,previous_shift_all,lower_score,473,0.10071309182917065
NORMAL_BALANCED,0.5,"{""any_risk"": false, ""dew_risk"": false, ""dry_or_high_vpd_risk"": false, ""dry_risk"": false, ""high_vpd"": false, ""humidity_or_dew_risk"": false, ""rh_ge_90"": false}",rule_prior:hold_all:5,0.9241247873306275,hold_all,previous_plan_prior:previous_shift_all:2,"{""base_final_score"": 0.08716940841327103, ""final_score"": 0.09916940841327104, ""prior_confidence_bonus"": 0.011999999999999997, ""projected_energy_proxy"": 0.4994800542791684, ""projected_low_reversal"": 0.0, ""projected_smoothness"": -0.028281338761250163, ""raw_energy_proxy"": 0.4994800542791684, ""raw_low_reversal"": 0.0, ""raw_smoothness"": -0.028281338761250163, ""rewrite_penalty"": 0.0, ""risk_static_hold_penalty"": 0.0, ""uncertainty_penalty"": 0.0}",1.0232941957438986,previous_plan_prior,previous_shift_all,lower_score,482,0.09916940841327104
NORMAL_BALANCED,22.5,"{""any_risk"": false, ""dew_risk"": false, ""dry_or_high_vpd_risk"": false, ""dry_risk"": false, ""high_vpd"": false, ""humidity_or_dew_risk"": false, ""rh_ge_90"": false}",rule_prior:hold_all:5,0.9367180209159852,hold_all,previous_plan_prior:previous_shift_all:2,"{""base_final_score"": 0.07837673675889756, ""final_score"": 0.09037673675889757, ""prior_confidence_bonus"": 0.011999999999999997, ""projected_energy_proxy"": 0.44275314037998514, ""projected_low_reversal"": 0.0, ""projected_smoothness"": -0.022608647371331836, ""raw_energy_proxy"": 0.44275314037998514, ""raw_low_reversal"": 0.0, ""raw_smoothness"": -0.022608647371331836, ""rewrite_penalty"": 0.0, ""risk_static_hold_penalty"": 0.0, ""uncertainty_penalty"": 0.0}",1.0270947576748828,previous_plan_prior,previous_shift_all,lower_score,474,0.09037673675889757
NORMAL_BALANCED,0.0,"{""any_risk"": false, ""dew_risk"": false, ""dry_or_high_vpd_risk"": false, ""dry_risk"": false, ""high_vpd"": false, ""humidity_or_dew_risk"": false, ""rh_ge_90"": false}",rule_prior:hold_all:5,0.9435066442489625,hold_all,previous_plan_prior:previous_shift_all:2,"{""base_final_score"": 0.07277695915351312, ""final_score"": 0.08477695915351313, ""prior_confidence_bonus"": 0.011999999999999997, ""projected_energy_proxy"": 0.4187223171194394, ""projected_low_reversal"": 0.0, ""projected_smoothness"": -0.024372231711943915, ""raw_energy_proxy"": 0.4187223171194394, ""raw_low_reversal"": 0.0, ""raw_smoothness"": -0.024372231711943915, ""rewrite_penalty"": 0.0, ""risk_static_hold_penalty"": 0.0, ""uncertainty_penalty"": 0.0}",1.0282836034024756,previous_plan_prior,previous_shift_all,lower_score,480,0.08477695915351313
HUMIDITY_EXCESS_DISEASE_RISK,21.0,"{""any_risk"": true, ""dew_risk"": true, ""dry_or_high_vpd_risk"": false, ""dry_risk"": false, ""high_vpd"": false, ""humidity_or_dew_risk"": true, ""rh_ge_90"": true}",rule_prior:ventilation_ramp_limited:7,0.9823750008905321,ventilation_ramp_limited,previous_plan_prior:previous_shift_all:2,"{""base_final_score"": 0.0597083329589676, ""final_score"": 0.07170833295896761, ""prior_confidence_bonus"": 0.011999999999999997, ""projected_energy_proxy"": 0.23666666174928352, ""projected_low_reversal"": 0.0, ""projected_smoothness"": 0.027500001353579995, ""raw_energy_proxy"": 0.23666666174928352, ""raw_low_reversal"": 0.0, ""raw_smoothness"": 0.027500001353579995, ""rewrite_penalty"": 0.0, ""risk_static_hold_penalty"": 0.0, ""uncertainty_penalty"": 0.0}",1.0540833338494997,previous_plan_prior,previous_shift_all,lower_score,660,0.07170833295896761
HUMIDITY_EXCESS_DISEASE_RISK,21.25,"{""any_risk"": true, ""dew_risk"": false, ""dry_or_high_vpd_risk"": false, ""dry_risk"": false, ""high_vpd"": false, ""humidity_or_dew_risk"": true, ""rh_ge_90"": true}",rule_prior:ventilation_ramp_limited:7,0.9823750009411313,ventilation_ramp_limited,previous_plan_prior:previous_shift_all:2,"{""base_final_score"": 0.05970833290836841, ""final_score"": 0.07170833290836842, ""prior_confidence_bonus"": 0.011999999999999997, ""projected_energy_proxy"": 0.23666666174928352, ""projected_low_reversal"": 0.0, ""projected_smoothness"": 0.027500001241137273, ""raw_energy_proxy"": 0.23666666174928352, ""raw_low_reversal"": 0.0, ""raw_smoothness"": 0.027500001241137273, ""rewrite_penalty"": 0.0, ""risk_static_hold_penalty"": 0.0, ""uncertainty_penalty"": 0.0}",1.0540833338494997,previous_plan_prior,previous_shift_all,lower_score,661,0.07170833290836842
HUMIDITY_EXCESS_DISEASE_RISK,21.5,"{""any_risk"": true, ""dew_risk"": false, ""dry_or_high_vpd_risk"": false, ""dry_risk"": false, ""high_vpd"": false, ""humidity_or_dew_risk"": true, ""rh_ge_90"": true}",rule_prior:ventilation_ramp_limited:7,0.9823750011111968,ventilation_ramp_limited,previous_plan_prior:previous_shift_all:2,"{""base_final_score"": 0.059708332738302894, ""final_score"": 0.0717083327383029, ""prior_confidence_bonus"": 0.011999999999999997, ""projected_energy_proxy"": 0.23666666174928352, ""projected_low_reversal"": 0.0, ""projected_smoothness"": 0.027500000863213914, ""raw_energy_proxy"": 0.23666666174928352, ""raw_low_reversal"": 0.0, ""raw_smoothness"": 0.027500000863213914, ""rewrite_penalty"": 0.0, ""risk_static_hold_penalty"": 0.0, ""uncertainty_penalty"": 0.0}",1.0540833338494997,previous_plan_prior,previous_shift_all,lower_score,662,0.0717083327383029
HUMIDITY_EXCESS_DISEASE_RISK,2.25,"{""any_risk"": true, ""dew_risk"": false, ""dry_or_high_vpd_risk"": false, ""dry_risk"": false, ""high_vpd"": false, ""humidity_or_dew_risk"": true, ""rh_ge_90"": true}",rule_prior:ventilation_ramp_limited:7,0.976750002089872,ventilation_ramp_limited,previous_plan_prior:previous_shift_all:2,"{""base_final_score"": 0.05970833265369746, ""final_score"": 0.07170833265369747, ""prior_confidence_bonus"": 0.011999999999999997, ""projected_energy_proxy"": 0.23666666174928352, ""projected_low_reversal"": 0.0, ""projected_smoothness"": 0.027500000675201974, ""raw_energy_proxy"": 0.23666666174928352, ""raw_low_reversal"": 0.0, ""raw_smoothness"": 0.027500000675201974, ""rewrite_penalty"": 0.0, ""risk_static_hold_penalty"": 0.0, ""uncertainty_penalty"": 0.0}",1.0484583347435694,previous_plan_prior,previous_shift_all,lower_score,681,0.07170833265369747
HUMIDITY_EXCESS_DISEASE_RISK,2.0,"{""any_risk"": true, ""dew_risk"": false, ""dry_or_high_vpd_risk"": false, ""dry_risk"": false, ""high_vpd"": false, ""humidity_or_dew_risk"": true, ""rh_ge_90"": true}",rule_prior:ventilation_ramp_limited:7,0.9767500021350234,ventilation_ramp_limited,previous_plan_prior:previous_shift_all:2,"{""base_final_score"": 0.05970833260854602, ""final_score"": 0.07170833260854603, ""prior_confidence_bonus"": 0.011999999999999997, ""projected_energy_proxy"": 0.23666666174928352, ""projected_low_reversal"": 0.0, ""projected_smoothness"": 0.027500000574865235, ""raw_energy_proxy"": 0.23666666174928352, ""raw_low_reversal"": 0.0, ""raw_smoothness"": 0.027500000574865235, ""rewrite_penalty"": 0.0, ""risk_static_hold_penalty"": 0.0, ""uncertainty_penalty"": 0.0}",1.0484583347435694,previous_plan_prior,previous_shift_all,lower_score,680,0.07170833260854603
HUMIDITY_EXCESS_DISEASE_RISK,2.5,"{""any_risk"": true, ""dew_risk"": false, ""dry_or_high_vpd_risk"": false, ""dry_risk"": false, ""high_vpd"": false, ""humidity_or_dew_risk"": true, ""rh_ge_90"": true}",rule_prior:ventilation_ramp_limited:7,0.9767500021384553,ventilation_ramp_limited,previous_plan_prior:previous_shift_all:2,"{""base_final_score"": 0.0597083326051141, ""final_score"": 0.07170833260511411, ""prior_confidence_bonus"": 0.011999999999999997, ""projected_energy_proxy"": 0.23666666174928352, ""projected_low_reversal"": 0.0, ""projected_smoothness"": 0.02750000056723889, ""raw_energy_proxy"": 0.23666666174928352, ""raw_low_reversal"": 0.0, ""raw_smoothness"": 0.02750000056723889, ""rewrite_penalty"": 0.0, ""risk_static_hold_penalty"": 0.0, ""uncertainty_penalty"": 0.0}",1.0484583347435694,previous_plan_prior,previous_shift_all,lower_score,682,0.07170833260511411
HUMIDITY_EXCESS_DISEASE_RISK,1.75,"{""any_risk"": true, ""dew_risk"": false, ""dry_or_high_vpd_risk"": false, ""dry_risk"": false, ""high_vpd"": false, ""humidity_or_dew_risk"": true, ""rh_ge_90"": true}",rule_prior:ventilation_ramp_limited:7,0.9767500021885729,ventilation_ramp_limited,previous_plan_prior:previous_shift_all:2,"{""base_final_score"": 0.059708332554996524, ""final_score"": 0.07170833255499653, ""prior_confidence_bonus"": 0.011999999999999997, ""projected_energy_proxy"": 0.23666666174928352, ""projected_low_reversal"": 0.0, ""projected_smoothness"": 0.027500000455866425, ""raw_energy_proxy"": 0.23666666174928352, ""raw_low_reversal"": 0.0, ""raw_smoothness"": 0.027500000455866425, ""rewrite_penalty"": 0.0, ""risk_static_hold_penalty"": 0.0, ""uncertainty_penalty"": 0.0}",1.0484583347435694,previous_plan_prior,previous_shift_all,lower_score,679,0.07170833255499653
HUMIDITY_EXCESS_DISEASE_RISK,1.5,"{""any_risk"": true, ""dew_risk"": false, ""dry_or_high_vpd_risk"": false, ""dry_risk"": false, ""high_vpd"": false, ""humidity_or_dew_risk"": true, ""rh_ge_90"": true}",rule_prior:ventilation_ramp_limited:7,0.97675000224737,ventilation_ramp_limited,previous_plan_prior:previous_shift_all:2,"{""base_final_score"": 0.059708332496199445, ""final_score"": 0.07170833249619946, ""prior_confidence_bonus"": 0.011999999999999997, ""projected_energy_proxy"": 0.23666666174928352, ""projected_low_reversal"": 0.0, ""projected_smoothness"": 0.027500000325206053, ""raw_energy_proxy"": 0.23666666174928352, ""raw_low_reversal"": 0.0, ""raw_smoothness"": 0.027500000325206053, ""rewrite_penalty"": 0.0, ""risk_static_hold_penalty"": 0.0, ""uncertainty_penalty"": 0.0}",1.0484583347435694,previous_plan_prior,previous_shift_all,lower_score,678,0.07170833249619946
HUMIDITY_EXCESS_DISEASE_RISK,21.75,"{""any_risk"": true, ""dew_risk"": false, ""dry_or_high_vpd_risk"": false, ""dry_risk"": false, ""high_vpd"": false, ""humidity_or_dew_risk"": true, ""rh_ge_90"": true}",rule_prior:ventilation_ramp_limited:7,0.9823750013578698,ventilation_ramp_limited,previous_plan_prior:previous_shift_all:2,"{""base_final_score"": 0.05970833249162988, ""final_score"": 0.07170833249162989, ""prior_confidence_bonus"": 0.011999999999999997, ""projected_energy_proxy"": 0.23666666174928352, ""projected_low_reversal"": 0.0, ""projected_smoothness"": 0.02750000031505162, ""raw_energy_proxy"": 0.23666666174928352, ""raw_low_reversal"": 0.0, ""raw_smoothness"": 0.02750000031505162, ""rewrite_penalty"": 0.0, ""risk_static_hold_penalty"": 0.0, ""uncertainty_penalty"": 0.0}",1.0540833338494997,previous_plan_prior,previous_shift_all,lower_score,663,0.07170833249162989
HUMIDITY_EXCESS_DISEASE_RISK,1.25,"{""any_risk"": true, ""dew_risk"": false, ""dry_or_high_vpd_risk"": false, ""dry_risk"": false, ""high_vpd"": false, ""humidity_or_dew_risk"": true, ""rh_ge_90"": true}",rule_prior:ventilation_ramp_limited:7,0.9767500023120411,ventilation_ramp_limited,previous_plan_prior:previous_shift_all:2,"{""base_final_score"": 0.05970833243152829, ""final_score"": 0.0717083324315283, ""prior_confidence_bonus"": 0.011999999999999997, ""projected_energy_proxy"": 0.23666666174928352, ""projected_low_reversal"": 0.0, ""projected_smoothness"": 0.027500000181492457, ""raw_energy_proxy"": 0.23666666174928352, ""raw_low_reversal"": 0.0, ""raw_smoothness"": 0.027500000181492457, ""rewrite_penalty"": 0.0, ""risk_static_hold_penalty"": 0.0, ""uncertainty_penalty"": 0.0}",1.0484583347435694,previous_plan_prior,previous_shift_all,lower_score,677,0.0717083324315283
HUMIDITY_EXCESS_DISEASE_RISK,1.0,"{""any_risk"": true, ""dew_risk"": false, ""dry_or_high_vpd_risk"": false, ""dry_risk"": false, ""high_vpd"": false, ""humidity_or_dew_risk"": true, ""rh_ge_90"": true}",rule_prior:ventilation_ramp_limited:7,0.9767500023311197,ventilation_ramp_limited,previous_plan_prior:previous_shift_all:2,"{""base_final_score"": 0.05970833241244966, ""final_score"": 0.07170833241244967, ""prior_confidence_bonus"": 0.011999999999999997, ""projected_energy_proxy"": 0.23666666174928352, ""projected_low_reversal"": 0.0, ""projected_smoothness"": 0.027500000139095593, ""raw_energy_proxy"": 0.23666666174928352, ""raw_low_reversal"": 0.0, ""raw_smoothness"": 0.027500000139095593, ""rewrite_penalty"": 0.0, ""risk_static_hold_penalty"": 0.0, ""uncertainty_penalty"": 0.0}",1.0484583347435694,previous_plan_prior,previous_shift_all,lower_score,676,0.07170833241244967
HUMIDITY_EXCESS_DISEASE_RISK,0.25,"{""any_risk"": true, ""dew_risk"": false, ""dry_or_high_vpd_risk"": false, ""dry_risk"": false, ""high_vpd"": false, ""humidity_or_dew_risk"": true, ""rh_ge_90"": true}",rule_prior:ventilation_ramp_limited:7,0.9767500023470189,ventilation_ramp_limited,previous_plan_prior:previous_shift_all:2,"{""base_final_score"": 0.05970833239655049, ""final_score"": 0.0717083323965505, ""prior_confidence_bonus"": 0.011999999999999997, ""projected_energy_proxy"": 0.23666666174928352, ""projected_low_reversal"": 0.0, ""projected_smoothness"": 0.027500000103763966, ""raw_energy_proxy"": 0.23666666174928352, ""raw_low_reversal"": 0.0, ""raw_smoothness"": 0.027500000103763966, ""rewrite_penalty"": 0.0, ""risk_static_hold_penalty"": 0.0, ""uncertainty_penalty"": 0.0}",1.0484583347435694,previous_plan_prior,previous_shift_all,lower_score,673,0.0717083323965505
HUMIDITY_EXCESS_DISEASE_RISK,0.75,"{""any_risk"": true, ""dew_risk"": false, ""dry_or_high_vpd_risk"": false, ""dry_risk"": false, ""high_vpd"": false, ""humidity_or_dew_risk"": true, ""rh_ge_90"": true}",rule_prior:ventilation_ramp_limited:7,0.976750002347189,ventilation_ramp_limited,previous_plan_prior:previous_shift_all:2,"{""base_final_score"": 0.059708332396380404, ""final_score"": 0.07170833239638041, ""prior_confidence_bonus"": 0.011999999999999997, ""projected_energy_proxy"": 0.23666666174928352, ""projected_low_reversal"": 0.0, ""projected_smoothness"": 0.027500000103386157, ""raw_energy_proxy"": 0.23666666174928352, ""raw_low_reversal"": 0.0, ""raw_smoothness"": 0.027500000103386157, ""rewrite_penalty"": 0.0, ""risk_static_hold_penalty"": 0.0, ""uncertainty_penalty"": 0.0}",1.0484583347435694,previous_plan_prior,previous_shift_all,lower_score,675,0.07170833239638041
HUMIDITY_EXCESS_DISEASE_RISK,0.5,"{""any_risk"": true, ""dew_risk"": false, ""dry_or_high_vpd_risk"": false, ""dry_risk"": false, ""high_vpd"": false, ""humidity_or_dew_risk"": true, ""rh_ge_90"": true}",rule_prior:ventilation_ramp_limited:7,0.9767500023618781,ventilation_ramp_limited,previous_plan_prior:previous_shift_all:2,"{""base_final_score"": 0.059708332381691265, ""final_score"": 0.07170833238169128, ""prior_confidence_bonus"": 0.011999999999999997, ""projected_energy_proxy"": 0.23666666174928352, ""projected_low_reversal"": 0.0, ""projected_smoothness"": 0.027500000070743602, ""raw_energy_proxy"": 0.23666666174928352, ""raw_low_reversal"": 0.0, ""raw_smoothness"": 0.027500000070743602, ""rewrite_penalty"": 0.0, ""risk_static_hold_penalty"": 0.0, ""uncertainty_penalty"": 0.0}",1.0484583347435694,previous_plan_prior,previous_shift_all,lower_score,674,0.07170833238169128
HUMIDITY_EXCESS_DISEASE_RISK,20.75,"{""any_risk"": true, ""dew_risk"": true, ""dry_or_high_vpd_risk"": false, ""dry_risk"": false, ""high_vpd"": false, ""humidity_or_dew_risk"": true, ""rh_ge_90"": true}",rule_prior:ventilation_ramp_limited:7,0.982375002043372,ventilation_ramp_limited,previous_plan_prior:previous_shift_all:2,"{""base_final_score"": 0.05970833180612767, ""final_score"": 0.07170833180612768, ""prior_confidence_bonus"": 0.011999999999999997, ""projected_energy_proxy"": 0.23666666174928352, ""projected_low_reversal"": 0.0, ""projected_smoothness"": 0.02749999879171361, ""raw_energy_proxy"": 0.23666666174928352, ""raw_low_reversal"": 0.0, ""raw_smoothness"": 0.02749999879171361, ""rewrite_penalty"": 0.0, ""risk_static_hold_penalty"": 0.0, ""uncertainty_penalty"": 0.0}",1.0540833338494997,previous_plan_prior,previous_shift_all,lower_score,659,0.07170833180612768
NORMAL_BALANCED,20.5,"{""any_risk"": false, ""dew_risk"": false, ""dry_or_high_vpd_risk"": false, ""dry_risk"": false, ""high_vpd"": false, ""humidity_or_dew_risk"": false, ""rh_ge_90"": false}",rule_prior:hold_all:5,0.9680870513916017,hold_all,previous_plan_prior:previous_shift_all:2,"{""base_final_score"": 0.05743652528772747, ""final_score"": 0.06943652528772748, ""prior_confidence_bonus"": 0.011999999999999997, ""projected_energy_proxy"": 0.30960101609428725, ""projected_low_reversal"": 0.0, ""projected_smoothness"": -0.00996372873584428, ""raw_energy_proxy"": 0.30960101609428725, ""raw_low_reversal"": 0.0, ""raw_smoothness"": -0.00996372873584428, ""rewrite_penalty"": 0.0, ""risk_static_hold_penalty"": 0.0, ""uncertainty_penalty"": 0.0}",1.0375235766793292,previous_plan_prior,previous_shift_all,lower_score,466,0.06943652528772748
HUMIDITY_EXCESS_DISEASE_RISK,0.0,"{""any_risk"": true, ""dew_risk"": false, ""dry_or_high_vpd_risk"": false, ""dry_risk"": false, ""high_vpd"": false, ""humidity_or_dew_risk"": true, ""rh_ge_90"": true}",rule_prior:ventilation_ramp_limited:7,0.9767500024767023,ventilation_ramp_limited,previous_plan_prior:previous_shift_all:2,"{""base_final_score"": 0.057083332535088016, ""final_score"": 0.06908333253508803, ""prior_confidence_bonus"": 0.011999999999999997, ""projected_energy_proxy"": 0.23666666174928352, ""projected_low_reversal"": 0.0, ""projected_smoothness"": 0.0216666670782919, ""raw_energy_proxy"": 0.23666666174928352, ""raw_low_reversal"": 0.0, ""raw_smoothness"": 0.0216666670782919, ""rewrite_penalty"": 0.0, ""risk_static_hold_penalty"": 0.0, ""uncertainty_penalty"": 0.0}",1.0458333350117903,previous_plan_prior,previous_shift_all,lower_score,672,0.06908333253508803
HUMIDITY_EXCESS_DISEASE_RISK,23.75,"{""any_risk"": true, ""dew_risk"": false, ""dry_or_high_vpd_risk"": false, ""dry_risk"": false, ""high_vpd"": false, ""humidity_or_dew_risk"": true, ""rh_ge_90"": true}",rule_prior:ventilation_ramp_limited:7,0.9767500025061847,ventilation_ramp_limited,previous_plan_prior:previous_shift_all:2,"{""base_final_score"": 0.0570833325056056, ""final_score"": 0.06908333250560561, ""prior_confidence_bonus"": 0.011999999999999997, ""projected_energy_proxy"": 0.23666666174928352, ""projected_low_reversal"": 0.0, ""projected_smoothness"": 0.02166666701277553, ""raw_energy_proxy"": 0.23666666174928352, ""raw_low_reversal"": 0.0, ""raw_smoothness"": 0.02166666701277553, ""rewrite_penalty"": 0.0, ""risk_static_hold_penalty"": 0.0, ""uncertainty_penalty"": 0.0}",1.0458333350117903,previous_plan_prior,previous_shift_all,lower_score,671,0.06908333250560561
HUMIDITY_EXCESS_DISEASE_RISK,22.0,"{""any_risk"": true, ""dew_risk"": false, ""dry_or_high_vpd_risk"": false, ""dry_risk"": false, ""high_vpd"": false, ""humidity_or_dew_risk"": true, ""rh_ge_90"": true}",rule_prior:ventilation_ramp_limited:7,0.976750002613238,ventilation_ramp_limited,previous_plan_prior:previous_shift_all:2,"{""base_final_score"": 0.057083332398552344, ""final_score"": 0.06908333239855236, ""prior_confidence_bonus"": 0.011999999999999997, ""projected_energy_proxy"": 0.23666666174928352, ""projected_low_reversal"": 0.0, ""projected_smoothness"": 0.021666666774879273, ""raw_energy_proxy"": 0.23666666174928352, ""raw_low_reversal"": 0.0, ""raw_smoothness"": 0.021666666774879273, ""rewrite_penalty"": 0.0, ""risk_static_hold_penalty"": 0.0, ""uncertainty_penalty"": 0.0}",1.0458333350117903,previous_plan_prior,previous_shift_all,lower_score,664,0.06908333239855236
HUMIDITY_EXCESS_DISEASE_RISK,22.25,"{""any_risk"": true, ""dew_risk"": false, ""dry_or_high_vpd_risk"": false, ""dry_risk"": false, ""high_vpd"": false, ""humidity_or_dew_risk"": true, ""rh_ge_90"": true}",rule_prior:ventilation_ramp_limited:7,0.976750003223739,ventilation_ramp_limited,previous_plan_prior:previous_shift_all:2,"{""base_final_score"": 0.05708333178805136, ""final_score"": 0.06908333178805137, ""prior_confidence_bonus"": 0.011999999999999997, ""projected_energy_proxy"": 0.23666666174928352, ""projected_low_reversal"": 0.0, ""projected_smoothness"": 0.021666665418210274, ""raw_energy_proxy"": 0.23666666174928352, ""raw_low_reversal"": 0.0, ""raw_smoothness"": 0.021666665418210274, ""rewrite_penalty"": 0.0, ""risk_static_hold_penalty"": 0.0, ""uncertainty_penalty"": 0.0}",1.0458333350117903,previous_plan_prior,previous_shift_all,lower_score,665,0.06908333178805137
NORMAL_BALANCED,22.0,"{""any_risk"": false, ""dew_risk"": false, ""dry_or_high_vpd_risk"": false, ""dry_risk"": false, ""high_vpd"": false, ""humidity_or_dew_risk"": false, ""rh_ge_90"": false}",rule_prior:hold_all:5,0.9687267045974732,hold_all,previous_plan_prior:previous_shift_all:2,"{""base_final_score"": 0.0543504677154123, ""final_score"": 0.06635046771541231, ""prior_confidence_bonus"": 0.011999999999999997, ""projected_energy_proxy"": 0.3019886542111635, ""projected_low_reversal"": 0.0, ""projected_smoothness"": -0.013438362504045176, ""raw_energy_proxy"": 0.3019886542111635, ""raw_low_reversal"": 0.0, ""raw_smoothness"": -0.013438362504045176, ""rewrite_penalty"": 0.0, ""risk_static_hold_penalty"": 0.0, ""uncertainty_penalty"": 0.0}",1.0350771723128855,previous_plan_prior,previous_shift_all,lower_score,472,0.06635046771541231
NORMAL_BALANCED,20.25,"{""any_risk"": false, ""dew_risk"": false, ""dry_or_high_vpd_risk"": false, ""dry_risk"": false, ""high_vpd"": false, ""humidity_or_dew_risk"": false, ""rh_ge_90"": false}",rule_prior:hold_all:5,0.97338400888443,hold_all,previous_plan_prior:previous_shift_all:2,"{""base_final_score"": 0.05357416044920671, ""final_score"": 0.06557416044920672, ""prior_confidence_bonus"": 0.011999999999999997, ""projected_energy_proxy"": 0.2853232942521572, ""projected_low_reversal"": 0.0, ""projected_smoothness"": -0.007756663113832496, ""raw_energy_proxy"": 0.2853232942521572, ""raw_low_reversal"": 0.0, ""raw_smoothness"": -0.007756663113832496, ""rewrite_penalty"": 0.0, ""risk_static_hold_penalty"": 0.0, ""uncertainty_penalty"": 0.0}",1.0389581693336367,previous_plan_prior,previous_shift_all,lower_score,465,0.06557416044920672
HUMIDITY_EXCESS_DISEASE_RISK,4.5,"{""any_risk"": true, ""dew_risk"": false, ""dry_or_high_vpd_risk"": false, ""dry_risk"": false, ""high_vpd"": false, ""humidity_or_dew_risk"": true, ""rh_ge_90"": true}",rule_prior:co2_vent_conflict_reduce:8,1.0000000010728403,co2_vent_conflict_reduce,previous_plan_prior:previous_shift_all:2,"{""base_final_score"": 0.0458333325510657, ""final_score"": 0.05783333255106582, ""prior_confidence_bonus"": 0.011999999999999997, ""projected_energy_proxy"": 0.23666666174950013, ""projected_low_reversal"": 0.0, ""projected_smoothness"": -0.0033333328862984457, ""raw_energy_proxy"": 0.23666666174950013, ""raw_low_reversal"": 0.0, ""raw_smoothness"": -0.0033333328862984457, ""rewrite_penalty"": 0.0, ""risk_static_hold_penalty"": 0.0, ""uncertainty_penalty"": 0.0}",1.057833333623906,previous_plan_prior,previous_shift_all,lower_score,690,0.05783333255106582
HUMIDITY_EXCESS_DISEASE_RISK,4.75,"{""any_risk"": true, ""dew_risk"": false, ""dry_or_high_vpd_risk"": false, ""dry_risk"": false, ""high_vpd"": false, ""humidity_or_dew_risk"": true, ""rh_ge_90"": true}",rule_prior:co2_vent_conflict_reduce:8,1.0000000010728416,co2_vent_conflict_reduce,previous_plan_prior:previous_shift_all:2,"{""base_final_score"": 0.045833332551064476, ""final_score"": 0.05783333255106449, ""prior_confidence_bonus"": 0.011999999999999997, ""projected_energy_proxy"": 0.23666666174949413, ""projected_low_reversal"": 0.0, ""projected_smoothness"": -0.0033333328862984457, ""raw_energy_proxy"": 0.23666666174949413, ""raw_low_reversal"": 0.0, ""raw_smoothness"": -0.0033333328862984457, ""rewrite_penalty"": 0.0, ""risk_static_hold_penalty"": 0.0, ""uncertainty_penalty"": 0.0}",1.057833333623906,previous_plan_prior,previous_shift_all,lower_score,691,0.05783333255106449
HUMIDITY_EXCESS_DISEASE_RISK,5.0,"{""any_risk"": true, ""dew_risk"": false, ""dry_or_high_vpd_risk"": false, ""dry_risk"": false, ""high_vpd"": false, ""humidity_or_dew_risk"": true, ""rh_ge_90"": true}",rule_prior:co2_vent_conflict_reduce:9,1.0000000010728425,co2_vent_conflict_reduce,previous_plan_prior:previous_shift_all:3,"{""base_final_score"": 0.04583333255106359, ""final_score"": 0.0578333325510636, ""prior_confidence_bonus"": 0.011999999999999997, ""projected_energy_proxy"": 0.23666666174948991, ""projected_low_reversal"": 0.0, ""projected_smoothness"": -0.0033333328862984457, ""raw_energy_proxy"": 0.23666666174948991, ""raw_low_reversal"": 0.0, ""raw_smoothness"": -0.0033333328862984457, ""rewrite_penalty"": 0.0, ""risk_static_hold_penalty"": 0.0, ""uncertainty_penalty"": 0.0}",1.057833333623906,previous_plan_prior,previous_shift_all,lower_score,692,0.0578333325510636
HUMIDITY_EXCESS_DISEASE_RISK,5.25,"{""any_risk"": true, ""dew_risk"": false, ""dry_or_high_vpd_risk"": false, ""dry_risk"": false, ""high_vpd"": false, ""humidity_or_dew_risk"": true, ""rh_ge_90"": true}",rule_prior:co2_vent_conflict_reduce:9,1.0000000010728434,co2_vent_conflict_reduce,previous_plan_prior:previous_shift_all:3,"{""base_final_score"": 0.0458333325510627, ""final_score"": 0.05783333255106271, ""prior_confidence_bonus"": 0.011999999999999997, ""projected_energy_proxy"": 0.23666666174948547, ""projected_low_reversal"": 0.0, ""projected_smoothness"": -0.0033333328862984457, ""raw_energy_proxy"": 0.23666666174948547, ""raw_low_reversal"": 0.0, ""raw_smoothness"": -0.0033333328862984457, ""rewrite_penalty"": 0.0, ""risk_static_hold_penalty"": 0.0, ""uncertainty_penalty"": 0.0}",1.057833333623906,previous_plan_prior,previous_shift_all,lower_score,693,0.05783333255106271
NORMAL_BALANCED,14.0,"{""any_risk"": true, ""dew_risk"": true, ""dry_or_high_vpd_risk"": false, ""dry_risk"": false, ""high_vpd"": false, ""humidity_or_dew_risk"": true, ""rh_ge_90"": false}",rule_prior:co2_vent_conflict_reduce:8,1.0000000010728465,co2_vent_conflict_reduce,previous_plan_prior:previous_shift_all:2,"{""base_final_score"": 0.04583333255105948, ""final_score"": 0.0578333325510596, ""prior_confidence_bonus"": 0.011999999999999997, ""projected_energy_proxy"": 0.23666666174946915, ""projected_low_reversal"": 0.0, ""projected_smoothness"": -0.0033333328862984457, ""raw_energy_proxy"": 0.23666666174946915, ""raw_low_reversal"": 0.0, ""raw_smoothness"": -0.0033333328862984457, ""rewrite_penalty"": 0.0, ""risk_static_hold_penalty"": 0.0, ""uncertainty_penalty"": 0.0}",1.057833333623906,previous_plan_prior,previous_shift_all,lower_score,632,0.0578333325510596
NORMAL_BALANCED,13.75,"{""any_risk"": true, ""dew_risk"": true, ""dry_or_high_vpd_risk"": false, ""dry_risk"": false, ""high_vpd"": false, ""humidity_or_dew_risk"": true, ""rh_ge_90"": false}",rule_prior:co2_vent_conflict_reduce:8,1.0000000010728467,co2_vent_conflict_reduce,previous_plan_prior:previous_shift_all:2,"{""base_final_score"": 0.04583333255105926, ""final_score"": 0.05783333255105938, ""prior_confidence_bonus"": 0.011999999999999997, ""projected_energy_proxy"": 0.23666666174946793, ""projected_low_reversal"": 0.0, ""projected_smoothness"": -0.0033333328862984457, ""raw_energy_proxy"": 0.23666666174946793, ""raw_low_reversal"": 0.0, ""raw_smoothness"": -0.0033333328862984457, ""rewrite_penalty"": 0.0, ""risk_static_hold_penalty"": 0.0, ""uncertainty_penalty"": 0.0}",1.057833333623906,previous_plan_prior,previous_shift_all,lower_score,631,0.05783333255105938
NORMAL_BALANCED,13.5,"{""any_risk"": true, ""dew_risk"": true, ""dry_or_high_vpd_risk"": false, ""dry_risk"": false, ""high_vpd"": false, ""humidity_or_dew_risk"": true, ""rh_ge_90"": false}",rule_prior:co2_vent_conflict_reduce:8,1.000000001072847,co2_vent_conflict_reduce,previous_plan_prior:previous_shift_all:2,"{""base_final_score"": 0.045833332551059036, ""final_score"": 0.05783333255105916, ""prior_confidence_bonus"": 0.011999999999999997, ""projected_energy_proxy"": 0.2366666617494667, ""projected_low_reversal"": 0.0, ""projected_smoothness"": -0.0033333328862984457, ""raw_energy_proxy"": 0.2366666617494667, ""raw_low_reversal"": 0.0, ""raw_smoothness"": -0.0033333328862984457, ""rewrite_penalty"": 0.0, ""risk_static_hold_penalty"": 0.0, ""uncertainty_penalty"": 0.0}",1.057833333623906,previous_plan_prior,previous_shift_all,lower_score,630,0.05783333255105916
NORMAL_BALANCED,13.25,"{""any_risk"": true, ""dew_risk"": true, ""dry_or_high_vpd_risk"": false, ""dry_risk"": false, ""high_vpd"": false, ""humidity_or_dew_risk"": true, ""rh_ge_90"": false}",rule_prior:co2_vent_conflict_reduce:8,1.0000000010728474,co2_vent_conflict_reduce,previous_plan_prior:previous_shift_all:2,"{""base_final_score"": 0.0458333325510587, ""final_score"": 0.057833332551058714, ""prior_confidence_bonus"": 0.011999999999999997, ""projected_energy_proxy"": 0.23666666174946527, ""projected_low_reversal"": 0.0, ""projected_smoothness"": -0.0033333328862984457, ""raw_energy_proxy"": 0.23666666174946527, ""raw_low_reversal"": 0.0, ""raw_smoothness"": -0.0033333328862984457, ""rewrite_penalty"": 0.0, ""risk_static_hold_penalty"": 0.0, ""uncertainty_penalty"": 0.0}",1.057833333623906,previous_plan_prior,previous_shift_all,lower_score,629,0.057833332551058714
NORMAL_BALANCED,13.0,"{""any_risk"": true, ""dew_risk"": true, ""dry_or_high_vpd_risk"": false, ""dry_risk"": false, ""high_vpd"": false, ""humidity_or_dew_risk"": true, ""rh_ge_90"": false}",rule_prior:co2_vent_conflict_reduce:8,1.000000001072848,co2_vent_conflict_reduce,previous_plan_prior:previous_shift_all:2,"{""base_final_score"": 0.04583333255105804, ""final_score"": 0.05783333255105805, ""prior_confidence_bonus"": 0.011999999999999997, ""projected_energy_proxy"": 0.23666666174946172, ""projected_low_reversal"": 0.0, ""projected_smoothness"": -0.0033333328862984457, ""raw_energy_proxy"": 0.23666666174946172, ""raw_low_reversal"": 0.0, ""raw_smoothness"": -0.0033333328862984457, ""rewrite_penalty"": 0.0, ""risk_static_hold_penalty"": 0.0, ""uncertainty_penalty"": 0.0}",1.057833333623906,previous_plan_prior,previous_shift_all,lower_score,628,0.05783333255105805
NORMAL_BALANCED,12.75,"{""any_risk"": true, ""dew_risk"": true, ""dry_or_high_vpd_risk"": false, ""dry_risk"": false, ""high_vpd"": false, ""humidity_or_dew_risk"": true, ""rh_ge_90"": false}",rule_prior:co2_vent_conflict_reduce:8,1.0000000010728503,co2_vent_conflict_reduce,previous_plan_prior:previous_shift_all:2,"{""base_final_score"": 0.045833332551055816, ""final_score"": 0.05783333255105583, ""prior_confidence_bonus"": 0.011999999999999997, ""projected_energy_proxy"": 0.23666666174945072, ""projected_low_reversal"": 0.0, ""projected_smoothness"": -0.0033333328862984457, ""raw_energy_proxy"": 0.23666666174945072, ""raw_low_reversal"": 0.0, ""raw_smoothness"": -0.0033333328862984457, ""rewrite_penalty"": 0.0, ""risk_static_hold_penalty"": 0.0, ""uncertainty_penalty"": 0.0}",1.057833333623906,previous_plan_prior,previous_shift_all,lower_score,627,0.05783333255105583
HUMIDITY_EXCESS_DISEASE_RISK,2.75,"{""any_risk"": true, ""dew_risk"": false, ""dry_or_high_vpd_risk"": false, ""dry_risk"": false, ""high_vpd"": false, ""humidity_or_dew_risk"": true, ""rh_ge_90"": true}",rule_prior:ventilation_ramp_limited:7,0.9935000011239481,ventilation_ramp_limited,previous_plan_prior:previous_shift_all:2,"{""base_final_score"": 0.0450810967044899, ""final_score"": 0.05708109670448991, ""prior_confidence_bonus"": 0.011999999999999997, ""projected_energy_proxy"": 0.1599999964237213, ""projected_low_reversal"": 0.0, ""projected_smoothness"": 0.029069105377212745, ""raw_energy_proxy"": 0.1599999964237213, ""raw_low_reversal"": 0.0, ""raw_smoothness"": 0.029069105377212745, ""rewrite_penalty"": 0.0, ""risk_static_hold_penalty"": 0.0, ""uncertainty_penalty"": 0.0}",1.050581097828438,previous_plan_prior,previous_shift_all,lower_score,683,0.05708109670448991
NORMAL_BALANCED,20.75,"{""any_risk"": false, ""dew_risk"": false, ""dry_or_high_vpd_risk"": false, ""dry_risk"": false, ""high_vpd"": false, ""humidity_or_dew_risk"": false, ""rh_ge_90"": false}",rule_prior:hold_all:5,0.9777484815120698,hold_all,previous_plan_prior:previous_shift_all:2,"{""base_final_score"": 0.04476673159748312, ""final_score"": 0.05676673159748313, ""prior_confidence_bonus"": 0.011999999999999997, ""projected_energy_proxy"": 0.2653194613754749, ""projected_low_reversal"": 0.0, ""projected_smoothness"": -0.018438134839137366, ""raw_energy_proxy"": 0.2653194613754749, ""raw_low_reversal"": 0.0, ""raw_smoothness"": -0.018438134839137366, ""rewrite_penalty"": 0.0, ""risk_static_hold_penalty"": 0.0, ""uncertainty_penalty"": 0.0}",1.034515213109553,previous_plan_prior,previous_shift_all,lower_score,467,0.05676673159748313
HUMIDITY_EXCESS_DISEASE_RISK,17.25,"{""any_risk"": true, ""dew_risk"": true, ""dry_or_high_vpd_risk"": false, ""dry_risk"": false, ""high_vpd"": false, ""humidity_or_dew_risk"": true, ""rh_ge_90"": true}",rule_prior:co2_vent_conflict_reduce:8,1.0000000010728411,co2_vent_conflict_reduce,previous_plan_prior:previous_shift_all:2,"{""base_final_score"": 0.04395833255106474, ""final_score"": 0.05595833255106486, ""prior_confidence_bonus"": 0.011999999999999997, ""projected_energy_proxy"": 0.23666666174949558, ""projected_low_reversal"": 0.0, ""projected_smoothness"": -0.007499999552965209, ""raw_energy_proxy"": 0.23666666174949558, ""raw_low_reversal"": 0.0, ""raw_smoothness"": -0.007499999552965209, ""rewrite_penalty"": 0.0, ""risk_static_hold_penalty"": 0.0, ""uncertainty_penalty"": 0.0}",1.055958333623906,previous_plan_prior,previous_shift_all,lower_score,645,0.05595833255106486
HUMIDITY_EXCESS_DISEASE_RISK,17.5,"{""any_risk"": true, ""dew_risk"": true, ""dry_or_high_vpd_risk"": false, ""dry_risk"": false, ""high_vpd"": false, ""humidity_or_dew_risk"": true, ""rh_ge_90"": true}",rule_prior:co2_vent_conflict_reduce:8,1.0000000010728411,co2_vent_conflict_reduce,previous_plan_prior:previous_shift_all:2,"{""base_final_score"": 0.04395833255106474, ""final_score"": 0.05595833255106486, ""prior_confidence_bonus"": 0.011999999999999997, ""projected_energy_proxy"": 0.2366666617494959, ""projected_low_reversal"": 0.0, ""projected_smoothness"": -0.007499999552965209, ""raw_energy_proxy"": 0.2366666617494959, ""raw_low_reversal"": 0.0, ""raw_smoothness"": -0.007499999552965209, ""rewrite_penalty"": 0.0, ""risk_static_hold_penalty"": 0.0, ""uncertainty_penalty"": 0.0}",1.055958333623906,previous_plan_prior,previous_shift_all,lower_score,646,0.05595833255106486
HUMIDITY_EXCESS_DISEASE_RISK,17.75,"{""any_risk"": true, ""dew_risk"": true, ""dry_or_high_vpd_risk"": false, ""dry_risk"": false, ""high_vpd"": false, ""humidity_or_dew_risk"": true, ""rh_ge_90"": true}",rule_prior:co2_vent_conflict_reduce:8,1.0000000010728411,co2_vent_conflict_reduce,previous_plan_prior:previous_shift_all:2,"{""base_final_score"": 0.04395833255106485, ""final_score"": 0.05595833255106486, ""prior_confidence_bonus"": 0.011999999999999997, ""projected_energy_proxy"": 0.23666666174949635, ""projected_low_reversal"": 0.0, ""projected_smoothness"": -0.007499999552965209, ""raw_energy_proxy"": 0.23666666174949635, ""raw_low_reversal"": 0.0, ""raw_smoothness"": -0.007499999552965209, ""rewrite_penalty"": 0.0, ""risk_static_hold_penalty"": 0.0, ""uncertainty_penalty"": 0.0}",1.055958333623906,previous_plan_prior,previous_shift_all,lower_score,647,0.05595833255106486
HUMIDITY_EXCESS_DISEASE_RISK,17.0,"{""any_risk"": true, ""dew_risk"": true, ""dry_or_high_vpd_risk"": false, ""dry_risk"": false, ""high_vpd"": false, ""humidity_or_dew_risk"": true, ""rh_ge_90"": true}",rule_prior:co2_vent_conflict_reduce:8,1.0000000010728418,co2_vent_conflict_reduce,previous_plan_prior:previous_shift_all:2,"{""base_final_score"": 0.04395833255106407, ""final_score"": 0.055958332551064194, ""prior_confidence_bonus"": 0.011999999999999997, ""projected_energy_proxy"": 0.23666666174949258, ""projected_low_reversal"": 0.0, ""projected_smoothness"": -0.007499999552965209, ""raw_energy_proxy"": 0.23666666174949258, ""raw_low_reversal"": 0.0, ""raw_smoothness"": -0.007499999552965209, ""rewrite_penalty"": 0.0, ""risk_static_hold_penalty"": 0.0, ""uncertainty_penalty"": 0.0}",1.055958333623906,previous_plan_prior,previous_shift_all,lower_score,644,0.055958332551064194
HUMIDITY_EXCESS_DISEASE_RISK,16.75,"{""any_risk"": true, ""dew_risk"": true, ""dry_or_high_vpd_risk"": false, ""dry_risk"": false, ""high_vpd"": false, ""humidity_or_dew_risk"": true, ""rh_ge_90"": true}",rule_prior:co2_vent_conflict_reduce:8,1.0000000010728425,co2_vent_conflict_reduce,previous_plan_prior:previous_shift_all:2,"{""base_final_score"": 0.04395833255106352, ""final_score"": 0.05595833255106353, ""prior_confidence_bonus"": 0.011999999999999997, ""projected_energy_proxy"": 0.23666666174948958, ""projected_low_reversal"": 0.0, ""projected_smoothness"": -0.007499999552965209, ""raw_energy_proxy"": 0.23666666174948958, ""raw_low_reversal"": 0.0, ""raw_smoothness"": -0.007499999552965209, ""rewrite_penalty"": 0.0, ""risk_static_hold_penalty"": 0.0, ""uncertainty_penalty"": 0.0}",1.055958333623906,previous_plan_prior,previous_shift_all,lower_score,643,0.05595833255106353
HUMIDITY_EXCESS_DISEASE_RISK,16.5,"{""any_risk"": true, ""dew_risk"": true, ""dry_or_high_vpd_risk"": false, ""dry_risk"": false, ""high_vpd"": false, ""humidity_or_dew_risk"": true, ""rh_ge_90"": true}",rule_prior:co2_vent_conflict_reduce:8,1.000000001072843,co2_vent_conflict_reduce,previous_plan_prior:previous_shift_all:2,"{""base_final_score"": 0.04395833255106296, ""final_score"": 0.055958332551063084, ""prior_confidence_bonus"": 0.011999999999999997, ""projected_energy_proxy"": 0.2366666617494867, ""projected_low_reversal"": 0.0, ""projected_smoothness"": -0.007499999552965209, ""raw_energy_proxy"": 0.2366666617494867, ""raw_low_reversal"": 0.0, ""raw_smoothness"": -0.007499999552965209, ""rewrite_penalty"": 0.0, ""risk_static_hold_penalty"": 0.0, ""uncertainty_penalty"": 0.0}",1.055958333623906,previous_plan_prior,previous_shift_all,lower_score,642,0.055958332551063084
HUMIDITY_EXCESS_DISEASE_RISK,16.25,"{""any_risk"": true, ""dew_risk"": true, ""dry_or_high_vpd_risk"": false, ""dry_risk"": false, ""high_vpd"": false, ""humidity_or_dew_risk"": true, ""rh_ge_90"": true}",rule_prior:co2_vent_conflict_reduce:8,1.0000000010728436,co2_vent_conflict_reduce,previous_plan_prior:previous_shift_all:2,"{""base_final_score"": 0.04395833255106241, ""final_score"": 0.05595833255106242, ""prior_confidence_bonus"": 0.011999999999999997, ""projected_energy_proxy"": 0.2366666617494838, ""projected_low_reversal"": 0.0, ""projected_smoothness"": -0.007499999552965209, ""raw_energy_proxy"": 0.2366666617494838, ""raw_low_reversal"": 0.0, ""raw_smoothness"": -0.007499999552965209, ""rewrite_penalty"": 0.0, ""risk_static_hold_penalty"": 0.0, ""uncertainty_penalty"": 0.0}",1.055958333623906,previous_plan_prior,previous_shift_all,lower_score,641,0.05595833255106242
