combined_energy_gap_max,combined_energy_gap_mean,combined_energy_gap_p50,combined_energy_gap_p75,combined_energy_gap_p90,combined_energy_gap_p95,final_score_gap_max,final_score_gap_mean,final_score_gap_p50,final_score_gap_p75,final_score_gap_p90,final_score_gap_p95,group_id,group_name,projected_energy_gap_max,projected_energy_gap_mean,projected_energy_gap_p50,projected_energy_gap_p75,projected_energy_gap_p90,projected_energy_gap_p95,raw_energy_gap_max,raw_energy_gap_mean,raw_energy_gap_p50,raw_energy_gap_p75,raw_energy_gap_p90,raw_energy_gap_p95,row_count,target_label_distribution
0.23666666174928352,0.23666666174928352,0.23666666174928352,0.23666666174928352,0.23666666174928352,0.23666666174928352,0.10708333255102254,0.10552083255102247,0.10520833255102247,0.10520833255102247,0.1061458325510225,0.10661458255102252,canopy_dew_lt0+dew_or_humidity,risk_combo_id,0.23666666174928352,0.23666666174928352,0.23666666174928352,0.23666666174928352,0.23666666174928352,0.23666666174928352,0.23666666174928352,0.23666666174928352,0.23666666174928352,0.23666666174928352,0.23666666174928352,0.23666666174928352,6,"{""under_target"": 6}"
0.0,0.0,0.0,0.0,0.0,0.0,0.05600000000000005,0.05600000000000005,0.05600000000000005,0.05600000000000005,0.05600000000000005,0.05600000000000005,canopy_dew_lt0+dew_or_humidity+dry_or_high_vpd,risk_combo_id,0.0,0.0,0.0,0.0,0.0,0.0,0.0,0.0,0.0,0.0,0.0,0.0,8,"{""over_target"": 8}"
0.23666666174928352,0.20489582904459291,0.23666666174928352,0.23666666174928352,0.23666666174928352,0.23666666174928352,0.10708333255102254,0.0988893223077268,0.10333333277661616,0.10520833255102247,0.10708333255102254,0.10708333255102254,canopy_dew_lt1+dew_or_humidity,risk_combo_id,0.23666666174928352,0.20489582904459291,0.23666666174928352,0.23666666174928352,0.23666666174928352,0.23666666174928352,0.23666666174928352,0.20489582904459291,0.23666666174928352,0.23666666174928352,0.23666666174928352,0.23666666174928352,32,"{""under_target"": 32}"
0.0,0.0,0.0,0.0,0.0,0.0,0.05600000000000005,0.05600000000000005,0.05600000000000005,0.05600000000000005,0.05600000000000005,0.05600000000000005,canopy_dew_lt1+dew_or_humidity+dry_or_high_vpd,risk_combo_id,0.0,0.0,0.0,0.0,0.0,0.0,0.0,0.0,0.0,0.0,0.0,0.0,3,"{""over_target"": 3}"
0.23666666174928352,0.18216666279981536,0.23666666174928352,0.23666666174928352,0.23666666174928352,0.23666666174928352,0.1104583321039877,0.09203545518686562,0.09845833349187194,0.10108333322365104,0.10404583270935332,0.1104583321039877,dew_or_humidity,risk_combo_id,0.23666666174928352,0.18216666279981536,0.23666666174928352,0.23666666174928352,0.23666666174928352,0.23666666174928352,0.23666666174928352,0.18216666279981536,0.23666666174928352,0.23666666174928352,0.23666666174928352,0.23666666174928352,40,"{""within_target"": 40}"
0.0,0.0,0.0,0.0,0.0,0.0,0.063875000100583,0.05993750010058302,0.058625000100583025,0.05993750010058302,0.063875000100583,0.063875000100583,dry_or_high_vpd,risk_combo_id,0.0,0.0,0.0,0.0,0.0,0.0,0.0,0.0,0.0,0.0,0.0,0.0,8,"{""within_target"": 8}"
0.0,0.0,0.0,0.0,0.0,0.0,0.056374999731779285,0.056374999731779285,0.056374999731779285,0.056374999731779285,0.056374999731779285,0.056374999731779285,dry_vent+canopy_dew_lt0+dew_or_humidity+dry_or_high_vpd,risk_combo_id,0.0,0.0,0.0,0.0,0.0,0.0,0.0,0.0,0.0,0.0,0.0,0.0,4,"{""over_target"": 4}"
0.0,0.0,0.0,0.0,0.0,0.0,0.056374999731779285,0.056374999731779285,0.056374999731779285,0.056374999731779285,0.056374999731779285,0.056374999731779285,dry_vent+canopy_dew_lt1+dew_or_humidity+dry_or_high_vpd,risk_combo_id,0.0,0.0,0.0,0.0,0.0,0.0,0.0,0.0,0.0,0.0,0.0,0.0,4,"{""over_target"": 4}"
0.0,0.0,0.0,0.0,0.0,0.0,0.056374999731779285,0.056374999731779285,0.056374999731779285,0.056374999731779285,0.056374999731779285,0.056374999731779285,dry_vent+dry_or_high_vpd,risk_combo_id,0.0,0.0,0.0,0.0,0.0,0.0,0.0,0.0,0.0,0.0,0.0,0.0,21,"{""over_target"": 21}"
