canopy_dew_bonus,conservative_risk_selected_count,conservative_risk_selected_rate,conservative_selected_count,dew_or_humidity_bonus,dry_or_high_vpd_bonus,dry_vent_bonus,mixed_risk_combo_spread,nonrisk_conservative_selected_count,previous_rule_ppo_suppression_detected,risk_row_count,risk_type_switch_spread,row_count,rule_suppression_detected,selected_id_vs_zero_bonus_winner_mismatch_count,switch_from_ppo_to_conservative_count,switch_from_previous_to_conservative_count,switch_from_rule_to_conservative_count,switch_nonconservative_to_nonconservative_count,switch_relative_to_runtime_count,switch_relative_to_zero_bonus_count,switch_to_conservative_count,vector_id
0.0,0,0.0,0,0.0,0.0,0.0,0.0,0,False,126,0.0,720,False,248,0,0,0,0,248,0,0,dry=0.00|dry_vent=0.00|dew=0.00|canopy=0.00
0.04,0,0.0,0,0.0,0.0,0.0,0.0,0,False,126,0.0,720,False,248,0,0,0,0,248,0,0,dry=0.00|dry_vent=0.00|dew=0.00|canopy=0.04
0.06,15,0.11904761904761904,15,0.0,0.0,0.0,1.0,0,False,126,0.6666666666666666,720,False,248,0,15,0,0,263,15,15,dry=0.00|dry_vent=0.00|dew=0.00|canopy=0.06
0.08,18,0.14285714285714285,18,0.0,0.0,0.0,1.0,0,False,126,0.6666666666666666,720,False,248,0,18,0,0,266,18,18,dry=0.00|dry_vent=0.00|dew=0.00|canopy=0.08
0.1,22,0.1746031746031746,22,0.0,0.0,0.0,1.0,0,False,126,0.6666666666666666,720,False,248,0,22,0,0,270,22,22,dry=0.00|dry_vent=0.00|dew=0.00|canopy=0.10
0.12,53,0.42063492063492064,53,0.0,0.0,0.0,1.0,0,False,126,1.0,720,False,248,0,53,0,0,301,53,53,dry=0.00|dry_vent=0.00|dew=0.00|canopy=0.12
0.0,0,0.0,0,0.04,0.0,0.0,0.0,0,False,126,0.0,720,False,248,0,0,0,0,248,0,0,dry=0.00|dry_vent=0.00|dew=0.04|canopy=0.00
0.04,0,0.0,0,0.04,0.0,0.0,0.0,0,False,126,0.0,720,False,248,0,0,0,0,248,0,0,dry=0.00|dry_vent=0.00|dew=0.04|canopy=0.04
0.06,15,0.11904761904761904,15,0.04,0.0,0.0,1.0,0,False,126,0.6666666666666666,720,False,248,0,15,0,0,263,15,15,dry=0.00|dry_vent=0.00|dew=0.04|canopy=0.06
0.08,18,0.14285714285714285,18,0.04,0.0,0.0,1.0,0,False,126,0.6666666666666666,720,False,248,0,18,0,0,266,18,18,dry=0.00|dry_vent=0.00|dew=0.04|canopy=0.08
0.1,22,0.1746031746031746,22,0.04,0.0,0.0,1.0,0,False,126,0.6666666666666666,720,False,248,0,22,0,0,270,22,22,dry=0.00|dry_vent=0.00|dew=0.04|canopy=0.10
0.12,53,0.42063492063492064,53,0.04,0.0,0.0,1.0,0,False,126,1.0,720,False,248,0,53,0,0,301,53,53,dry=0.00|dry_vent=0.00|dew=0.04|canopy=0.12
0.0,0,0.0,0,0.06,0.0,0.0,0.0,0,False,126,0.0,720,False,248,0,0,0,0,248,0,0,dry=0.00|dry_vent=0.00|dew=0.06|canopy=0.00
0.04,0,0.0,0,0.06,0.0,0.0,0.0,0,False,126,0.0,720,False,248,0,0,0,0,248,0,0,dry=0.00|dry_vent=0.00|dew=0.06|canopy=0.04
0.06,15,0.11904761904761904,15,0.06,0.0,0.0,1.0,0,False,126,0.6666666666666666,720,False,248,0,15,0,0,263,15,15,dry=0.00|dry_vent=0.00|dew=0.06|canopy=0.06
0.08,18,0.14285714285714285,18,0.06,0.0,0.0,1.0,0,False,126,0.6666666666666666,720,False,248,0,18,0,0,266,18,18,dry=0.00|dry_vent=0.00|dew=0.06|canopy=0.08
0.1,22,0.1746031746031746,22,0.06,0.0,0.0,1.0,0,False,126,0.6666666666666666,720,False,248,0,22,0,0,270,22,22,dry=0.00|dry_vent=0.00|dew=0.06|canopy=0.10
0.12,53,0.42063492063492064,53,0.06,0.0,0.0,1.0,0,False,126,1.0,720,False,248,0,53,0,0,301,53,53,dry=0.00|dry_vent=0.00|dew=0.06|canopy=0.12
0.0,15,0.11904761904761904,15,0.08,0.0,0.0,0.0,0,False,126,0.375,720,False,248,0,15,0,0,263,15,15,dry=0.00|dry_vent=0.00|dew=0.08|canopy=0.00
0.04,15,0.11904761904761904,15,0.08,0.0,0.0,0.0,0,False,126,0.375,720,False,248,0,15,0,0,263,15,15,dry=0.00|dry_vent=0.00|dew=0.08|canopy=0.04
0.06,30,0.23809523809523808,30,0.08,0.0,0.0,1.0,0,False,126,0.6666666666666666,720,False,248,0,30,0,0,278,30,30,dry=0.00|dry_vent=0.00|dew=0.08|canopy=0.06
0.08,33,0.2619047619047619,33,0.08,0.0,0.0,1.0,0,False,126,0.6666666666666666,720,False,248,0,33,0,0,281,33,33,dry=0.00|dry_vent=0.00|dew=0.08|canopy=0.08
0.1,37,0.29365079365079366,37,0.08,0.0,0.0,1.0,0,False,126,0.6666666666666666,720,False,248,0,37,0,0,285,37,37,dry=0.00|dry_vent=0.00|dew=0.08|canopy=0.10
0.12,68,0.5396825396825397,68,0.08,0.0,0.0,1.0,0,False,126,1.0,720,False,248,0,68,0,0,316,68,68,dry=0.00|dry_vent=0.00|dew=0.08|canopy=0.12
0.0,22,0.1746031746031746,22,0.1,0.0,0.0,0.0,0,False,126,0.55,720,False,248,0,22,0,0,270,22,22,dry=0.00|dry_vent=0.00|dew=0.10|canopy=0.00
0.04,22,0.1746031746031746,22,0.1,0.0,0.0,0.0,0,False,126,0.55,720,False,248,0,22,0,0,270,22,22,dry=0.00|dry_vent=0.00|dew=0.10|canopy=0.04
0.06,37,0.29365079365079366,37,0.1,0.0,0.0,1.0,0,False,126,0.6666666666666666,720,False,248,0,37,0,0,285,37,37,dry=0.00|dry_vent=0.00|dew=0.10|canopy=0.06
0.08,40,0.31746031746031744,40,0.1,0.0,0.0,1.0,0,False,126,0.6666666666666666,720,False,248,0,40,0,0,288,40,40,dry=0.00|dry_vent=0.00|dew=0.10|canopy=0.08
0.1,44,0.3492063492063492,44,0.1,0.0,0.0,1.0,0,False,126,0.6666666666666666,720,False,248,0,44,0,0,292,44,44,dry=0.00|dry_vent=0.00|dew=0.10|canopy=0.10
0.12,75,0.5952380952380952,75,0.1,0.0,0.0,1.0,0,False,126,1.0,720,False,248,0,75,0,0,323,75,75,dry=0.00|dry_vent=0.00|dew=0.10|canopy=0.12
0.0,40,0.31746031746031744,40,0.12,0.0,0.0,0.0,0,False,126,1.0,720,False,248,0,40,0,0,288,40,40,dry=0.00|dry_vent=0.00|dew=0.12|canopy=0.00
0.04,40,0.31746031746031744,40,0.12,0.0,0.0,0.0,0,False,126,1.0,720,False,248,0,40,0,0,288,40,40,dry=0.00|dry_vent=0.00|dew=0.12|canopy=0.04
0.06,55,0.4365079365079365,55,0.12,0.0,0.0,1.0,0,False,126,1.0,720,False,248,0,55,0,0,303,55,55,dry=0.00|dry_vent=0.00|dew=0.12|canopy=0.06
0.08,58,0.4603174603174603,58,0.12,0.0,0.0,1.0,0,False,126,1.0,720,False,248,0,58,0,0,306,58,58,dry=0.00|dry_vent=0.00|dew=0.12|canopy=0.08
0.1,62,0.49206349206349204,62,0.12,0.0,0.0,1.0,0,False,126,1.0,720,False,248,0,62,0,0,310,62,62,dry=0.00|dry_vent=0.00|dew=0.12|canopy=0.10
0.12,93,0.7380952380952381,93,0.12,0.0,0.0,1.0,0,False,126,1.0,720,False,248,0,93,0,0,341,93,93,dry=0.00|dry_vent=0.00|dew=0.12|canopy=0.12
0.0,0,0.0,0,0.0,0.0,0.02,0.0,0,False,126,0.0,720,False,248,0,0,0,0,248,0,0,dry=0.00|dry_vent=0.02|dew=0.00|canopy=0.00
0.04,0,0.0,0,0.0,0.0,0.02,0.0,0,False,126,0.0,720,False,248,0,0,0,0,248,0,0,dry=0.00|dry_vent=0.02|dew=0.00|canopy=0.04
0.06,15,0.11904761904761904,15,0.0,0.0,0.02,1.0,0,False,126,0.6666666666666666,720,False,248,0,15,0,0,263,15,15,dry=0.00|dry_vent=0.02|dew=0.00|canopy=0.06
0.08,18,0.14285714285714285,18,0.0,0.0,0.02,1.0,0,False,126,0.6666666666666666,720,False,248,0,18,0,0,266,18,18,dry=0.00|dry_vent=0.02|dew=0.00|canopy=0.08
0.1,22,0.1746031746031746,22,0.0,0.0,0.02,1.0,0,False,126,0.6666666666666666,720,False,248,0,22,0,0,270,22,22,dry=0.00|dry_vent=0.02|dew=0.00|canopy=0.10
0.12,53,0.42063492063492064,53,0.0,0.0,0.02,1.0,0,False,126,1.0,720,False,248,0,53,0,0,301,53,53,dry=0.00|dry_vent=0.02|dew=0.00|canopy=0.12
0.0,0,0.0,0,0.04,0.0,0.02,0.0,0,False,126,0.0,720,False,248,0,0,0,0,248,0,0,dry=0.00|dry_vent=0.02|dew=0.04|canopy=0.00
0.04,0,0.0,0,0.04,0.0,0.02,0.0,0,False,126,0.0,720,False,248,0,0,0,0,248,0,0,dry=0.00|dry_vent=0.02|dew=0.04|canopy=0.04
0.06,15,0.11904761904761904,15,0.04,0.0,0.02,1.0,0,False,126,0.6666666666666666,720,False,248,0,15,0,0,263,15,15,dry=0.00|dry_vent=0.02|dew=0.04|canopy=0.06
0.08,18,0.14285714285714285,18,0.04,0.0,0.02,1.0,0,False,126,0.6666666666666666,720,False,248,0,18,0,0,266,18,18,dry=0.00|dry_vent=0.02|dew=0.04|canopy=0.08
0.1,22,0.1746031746031746,22,0.04,0.0,0.02,1.0,0,False,126,0.6666666666666666,720,False,248,0,22,0,0,270,22,22,dry=0.00|dry_vent=0.02|dew=0.04|canopy=0.10
0.12,53,0.42063492063492064,53,0.04,0.0,0.02,1.0,0,False,126,1.0,720,False,248,0,53,0,0,301,53,53,dry=0.00|dry_vent=0.02|dew=0.04|canopy=0.12
0.0,0,0.0,0,0.06,0.0,0.02,0.0,0,False,126,0.0,720,False,248,0,0,0,0,248,0,0,dry=0.00|dry_vent=0.02|dew=0.06|canopy=0.00
0.04,0,0.0,0,0.06,0.0,0.02,0.0,0,False,126,0.0,720,False,248,0,0,0,0,248,0,0,dry=0.00|dry_vent=0.02|dew=0.06|canopy=0.04
0.06,15,0.11904761904761904,15,0.06,0.0,0.02,1.0,0,False,126,0.6666666666666666,720,False,248,0,15,0,0,263,15,15,dry=0.00|dry_vent=0.02|dew=0.06|canopy=0.06
0.08,18,0.14285714285714285,18,0.06,0.0,0.02,1.0,0,False,126,0.6666666666666666,720,False,248,0,18,0,0,266,18,18,dry=0.00|dry_vent=0.02|dew=0.06|canopy=0.08
0.1,22,0.1746031746031746,22,0.06,0.0,0.02,1.0,0,False,126,0.6666666666666666,720,False,248,0,22,0,0,270,22,22,dry=0.00|dry_vent=0.02|dew=0.06|canopy=0.10
0.12,53,0.42063492063492064,53,0.06,0.0,0.02,1.0,0,False,126,1.0,720,False,248,0,53,0,0,301,53,53,dry=0.00|dry_vent=0.02|dew=0.06|canopy=0.12
0.0,15,0.11904761904761904,15,0.08,0.0,0.02,0.0,0,False,126,0.375,720,False,248,0,15,0,0,263,15,15,dry=0.00|dry_vent=0.02|dew=0.08|canopy=0.00
0.04,15,0.11904761904761904,15,0.08,0.0,0.02,0.0,0,False,126,0.375,720,False,248,0,15,0,0,263,15,15,dry=0.00|dry_vent=0.02|dew=0.08|canopy=0.04
0.06,30,0.23809523809523808,30,0.08,0.0,0.02,1.0,0,False,126,0.6666666666666666,720,False,248,0,30,0,0,278,30,30,dry=0.00|dry_vent=0.02|dew=0.08|canopy=0.06
0.08,33,0.2619047619047619,33,0.08,0.0,0.02,1.0,0,False,126,0.6666666666666666,720,False,248,0,33,0,0,281,33,33,dry=0.00|dry_vent=0.02|dew=0.08|canopy=0.08
0.1,37,0.29365079365079366,37,0.08,0.0,0.02,1.0,0,False,126,0.6666666666666666,720,False,248,0,37,0,0,285,37,37,dry=0.00|dry_vent=0.02|dew=0.08|canopy=0.10
0.12,68,0.5396825396825397,68,0.08,0.0,0.02,1.0,0,False,126,1.0,720,False,248,0,68,0,0,316,68,68,dry=0.00|dry_vent=0.02|dew=0.08|canopy=0.12
0.0,22,0.1746031746031746,22,0.1,0.0,0.02,0.0,0,False,126,0.55,720,False,248,0,22,0,0,270,22,22,dry=0.00|dry_vent=0.02|dew=0.10|canopy=0.00
0.04,22,0.1746031746031746,22,0.1,0.0,0.02,0.0,0,False,126,0.55,720,False,248,0,22,0,0,270,22,22,dry=0.00|dry_vent=0.02|dew=0.10|canopy=0.04
0.06,37,0.29365079365079366,37,0.1,0.0,0.02,1.0,0,False,126,0.6666666666666666,720,False,248,0,37,0,0,285,37,37,dry=0.00|dry_vent=0.02|dew=0.10|canopy=0.06
0.08,40,0.31746031746031744,40,0.1,0.0,0.02,1.0,0,False,126,0.6666666666666666,720,False,248,0,40,0,0,288,40,40,dry=0.00|dry_vent=0.02|dew=0.10|canopy=0.08
0.1,44,0.3492063492063492,44,0.1,0.0,0.02,1.0,0,False,126,0.6666666666666666,720,False,248,0,44,0,0,292,44,44,dry=0.00|dry_vent=0.02|dew=0.10|canopy=0.10
0.12,75,0.5952380952380952,75,0.1,0.0,0.02,1.0,0,False,126,1.0,720,False,248,0,75,0,0,323,75,75,dry=0.00|dry_vent=0.02|dew=0.10|canopy=0.12
0.0,40,0.31746031746031744,40,0.12,0.0,0.02,0.0,0,False,126,1.0,720,False,248,0,40,0,0,288,40,40,dry=0.00|dry_vent=0.02|dew=0.12|canopy=0.00
0.04,40,0.31746031746031744,40,0.12,0.0,0.02,0.0,0,False,126,1.0,720,False,248,0,40,0,0,288,40,40,dry=0.00|dry_vent=0.02|dew=0.12|canopy=0.04
0.06,55,0.4365079365079365,55,0.12,0.0,0.02,1.0,0,False,126,1.0,720,False,248,0,55,0,0,303,55,55,dry=0.00|dry_vent=0.02|dew=0.12|canopy=0.06
0.08,58,0.4603174603174603,58,0.12,0.0,0.02,1.0,0,False,126,1.0,720,False,248,0,58,0,0,306,58,58,dry=0.00|dry_vent=0.02|dew=0.12|canopy=0.08
0.1,62,0.49206349206349204,62,0.12,0.0,0.02,1.0,0,False,126,1.0,720,False,248,0,62,0,0,310,62,62,dry=0.00|dry_vent=0.02|dew=0.12|canopy=0.10
0.12,93,0.7380952380952381,93,0.12,0.0,0.02,1.0,0,False,126,1.0,720,False,248,0,93,0,0,341,93,93,dry=0.00|dry_vent=0.02|dew=0.12|canopy=0.12
0.0,0,0.0,0,0.0,0.0,0.04,0.0,0,False,126,0.0,720,False,248,0,0,0,0,248,0,0,dry=0.00|dry_vent=0.04|dew=0.00|canopy=0.00
0.04,0,0.0,0,0.0,0.0,0.04,0.0,0,False,126,0.0,720,False,248,0,0,0,0,248,0,0,dry=0.00|dry_vent=0.04|dew=0.00|canopy=0.04
0.06,15,0.11904761904761904,15,0.0,0.0,0.04,1.0,0,False,126,0.6666666666666666,720,False,248,0,15,0,0,263,15,15,dry=0.00|dry_vent=0.04|dew=0.00|canopy=0.06
0.08,18,0.14285714285714285,18,0.0,0.0,0.04,1.0,0,False,126,0.6666666666666666,720,False,248,0,18,0,0,266,18,18,dry=0.00|dry_vent=0.04|dew=0.00|canopy=0.08
0.1,22,0.1746031746031746,22,0.0,0.0,0.04,1.0,0,False,126,0.6666666666666666,720,False,248,0,22,0,0,270,22,22,dry=0.00|dry_vent=0.04|dew=0.00|canopy=0.10
0.12,53,0.42063492063492064,53,0.0,0.0,0.04,1.0,0,False,126,1.0,720,False,248,0,53,0,0,301,53,53,dry=0.00|dry_vent=0.04|dew=0.00|canopy=0.12
0.0,0,0.0,0,0.04,0.0,0.04,0.0,0,False,126,0.0,720,False,248,0,0,0,0,248,0,0,dry=0.00|dry_vent=0.04|dew=0.04|canopy=0.00
0.04,0,0.0,0,0.04,0.0,0.04,0.0,0,False,126,0.0,720,False,248,0,0,0,0,248,0,0,dry=0.00|dry_vent=0.04|dew=0.04|canopy=0.04
0.06,15,0.11904761904761904,15,0.04,0.0,0.04,1.0,0,False,126,0.6666666666666666,720,False,248,0,15,0,0,263,15,15,dry=0.00|dry_vent=0.04|dew=0.04|canopy=0.06
0.08,18,0.14285714285714285,18,0.04,0.0,0.04,1.0,0,False,126,0.6666666666666666,720,False,248,0,18,0,0,266,18,18,dry=0.00|dry_vent=0.04|dew=0.04|canopy=0.08
0.1,22,0.1746031746031746,22,0.04,0.0,0.04,1.0,0,False,126,0.6666666666666666,720,False,248,0,22,0,0,270,22,22,dry=0.00|dry_vent=0.04|dew=0.04|canopy=0.10
0.12,53,0.42063492063492064,53,0.04,0.0,0.04,1.0,0,False,126,1.0,720,False,248,0,53,0,0,301,53,53,dry=0.00|dry_vent=0.04|dew=0.04|canopy=0.12
0.0,0,0.0,0,0.06,0.0,0.04,0.0,0,False,126,0.0,720,False,248,0,0,0,0,248,0,0,dry=0.00|dry_vent=0.04|dew=0.06|canopy=0.00
0.04,0,0.0,0,0.06,0.0,0.04,0.0,0,False,126,0.0,720,False,248,0,0,0,0,248,0,0,dry=0.00|dry_vent=0.04|dew=0.06|canopy=0.04
0.06,15,0.11904761904761904,15,0.06,0.0,0.04,1.0,0,False,126,0.6666666666666666,720,False,248,0,15,0,0,263,15,15,dry=0.00|dry_vent=0.04|dew=0.06|canopy=0.06
0.08,18,0.14285714285714285,18,0.06,0.0,0.04,1.0,0,False,126,0.6666666666666666,720,False,248,0,18,0,0,266,18,18,dry=0.00|dry_vent=0.04|dew=0.06|canopy=0.08
0.1,22,0.1746031746031746,22,0.06,0.0,0.04,1.0,0,False,126,0.6666666666666666,720,False,248,0,22,0,0,270,22,22,dry=0.00|dry_vent=0.04|dew=0.06|canopy=0.10
0.12,53,0.42063492063492064,53,0.06,0.0,0.04,1.0,0,False,126,1.0,720,False,248,0,53,0,0,301,53,53,dry=0.00|dry_vent=0.04|dew=0.06|canopy=0.12
0.0,15,0.11904761904761904,15,0.08,0.0,0.04,0.0,0,False,126,0.375,720,False,248,0,15,0,0,263,15,15,dry=0.00|dry_vent=0.04|dew=0.08|canopy=0.00
0.04,15,0.11904761904761904,15,0.08,0.0,0.04,0.0,0,False,126,0.375,720,False,248,0,15,0,0,263,15,15,dry=0.00|dry_vent=0.04|dew=0.08|canopy=0.04
0.06,30,0.23809523809523808,30,0.08,0.0,0.04,1.0,0,False,126,0.6666666666666666,720,False,248,0,30,0,0,278,30,30,dry=0.00|dry_vent=0.04|dew=0.08|canopy=0.06
0.08,33,0.2619047619047619,33,0.08,0.0,0.04,1.0,0,False,126,0.6666666666666666,720,False,248,0,33,0,0,281,33,33,dry=0.00|dry_vent=0.04|dew=0.08|canopy=0.08
0.1,37,0.29365079365079366,37,0.08,0.0,0.04,1.0,0,False,126,0.6666666666666666,720,False,248,0,37,0,0,285,37,37,dry=0.00|dry_vent=0.04|dew=0.08|canopy=0.10
0.12,68,0.5396825396825397,68,0.08,0.0,0.04,1.0,0,False,126,1.0,720,False,248,0,68,0,0,316,68,68,dry=0.00|dry_vent=0.04|dew=0.08|canopy=0.12
0.0,22,0.1746031746031746,22,0.1,0.0,0.04,0.0,0,False,126,0.55,720,False,248,0,22,0,0,270,22,22,dry=0.00|dry_vent=0.04|dew=0.10|canopy=0.00
0.04,22,0.1746031746031746,22,0.1,0.0,0.04,0.0,0,False,126,0.55,720,False,248,0,22,0,0,270,22,22,dry=0.00|dry_vent=0.04|dew=0.10|canopy=0.04
0.06,37,0.29365079365079366,37,0.1,0.0,0.04,1.0,0,False,126,0.6666666666666666,720,False,248,0,37,0,0,285,37,37,dry=0.00|dry_vent=0.04|dew=0.10|canopy=0.06
0.08,40,0.31746031746031744,40,0.1,0.0,0.04,1.0,0,False,126,0.6666666666666666,720,False,248,0,40,0,0,288,40,40,dry=0.00|dry_vent=0.04|dew=0.10|canopy=0.08
0.1,44,0.3492063492063492,44,0.1,0.0,0.04,1.0,0,False,126,0.6666666666666666,720,False,248,0,44,0,0,292,44,44,dry=0.00|dry_vent=0.04|dew=0.10|canopy=0.10
0.12,75,0.5952380952380952,75,0.1,0.0,0.04,1.0,0,False,126,1.0,720,False,248,0,75,0,0,323,75,75,dry=0.00|dry_vent=0.04|dew=0.10|canopy=0.12
0.0,40,0.31746031746031744,40,0.12,0.0,0.04,0.0,0,False,126,1.0,720,False,248,0,40,0,0,288,40,40,dry=0.00|dry_vent=0.04|dew=0.12|canopy=0.00
0.04,40,0.31746031746031744,40,0.12,0.0,0.04,0.0,0,False,126,1.0,720,False,248,0,40,0,0,288,40,40,dry=0.00|dry_vent=0.04|dew=0.12|canopy=0.04
0.06,55,0.4365079365079365,55,0.12,0.0,0.04,1.0,0,False,126,1.0,720,False,248,0,55,0,0,303,55,55,dry=0.00|dry_vent=0.04|dew=0.12|canopy=0.06
0.08,58,0.4603174603174603,58,0.12,0.0,0.04,1.0,0,False,126,1.0,720,False,248,0,58,0,0,306,58,58,dry=0.00|dry_vent=0.04|dew=0.12|canopy=0.08
0.1,62,0.49206349206349204,62,0.12,0.0,0.04,1.0,0,False,126,1.0,720,False,248,0,62,0,0,310,62,62,dry=0.00|dry_vent=0.04|dew=0.12|canopy=0.10
0.12,93,0.7380952380952381,93,0.12,0.0,0.04,1.0,0,False,126,1.0,720,False,248,0,93,0,0,341,93,93,dry=0.00|dry_vent=0.04|dew=0.12|canopy=0.12
0.0,25,0.1984126984126984,25,0.0,0.0,0.06,1.0,0,False,126,1.0,720,False,248,0,25,0,0,273,25,25,dry=0.00|dry_vent=0.06|dew=0.00|canopy=0.00
0.04,25,0.1984126984126984,25,0.0,0.0,0.06,1.0,0,False,126,1.0,720,False,248,0,25,0,0,273,25,25,dry=0.00|dry_vent=0.06|dew=0.00|canopy=0.04
0.06,40,0.31746031746031744,40,0.0,0.0,0.06,1.0,0,False,126,1.0,720,False,248,0,40,0,0,288,40,40,dry=0.00|dry_vent=0.06|dew=0.00|canopy=0.06
0.08,43,0.3412698412698413,43,0.0,0.0,0.06,1.0,0,False,126,1.0,720,False,248,0,43,0,0,291,43,43,dry=0.00|dry_vent=0.06|dew=0.00|canopy=0.08
0.1,47,0.373015873015873,47,0.0,0.0,0.06,1.0,0,False,126,1.0,720,False,248,0,47,0,0,295,47,47,dry=0.00|dry_vent=0.06|dew=0.00|canopy=0.10
0.12,78,0.6190476190476191,78,0.0,0.0,0.06,0.0,0,False,126,1.0,720,False,248,0,78,0,0,326,78,78,dry=0.00|dry_vent=0.06|dew=0.00|canopy=0.12
0.0,25,0.1984126984126984,25,0.04,0.0,0.06,1.0,0,False,126,1.0,720,False,248,0,25,0,0,273,25,25,dry=0.00|dry_vent=0.06|dew=0.04|canopy=0.00
0.04,25,0.1984126984126984,25,0.04,0.0,0.06,1.0,0,False,126,1.0,720,False,248,0,25,0,0,273,25,25,dry=0.00|dry_vent=0.06|dew=0.04|canopy=0.04
0.06,40,0.31746031746031744,40,0.04,0.0,0.06,1.0,0,False,126,1.0,720,False,248,0,40,0,0,288,40,40,dry=0.00|dry_vent=0.06|dew=0.04|canopy=0.06
0.08,43,0.3412698412698413,43,0.04,0.0,0.06,1.0,0,False,126,1.0,720,False,248,0,43,0,0,291,43,43,dry=0.00|dry_vent=0.06|dew=0.04|canopy=0.08
0.1,47,0.373015873015873,47,0.04,0.0,0.06,1.0,0,False,126,1.0,720,False,248,0,47,0,0,295,47,47,dry=0.00|dry_vent=0.06|dew=0.04|canopy=0.10
0.12,78,0.6190476190476191,78,0.04,0.0,0.06,0.0,0,False,126,1.0,720,False,248,0,78,0,0,326,78,78,dry=0.00|dry_vent=0.06|dew=0.04|canopy=0.12
0.0,25,0.1984126984126984,25,0.06,0.0,0.06,1.0,0,False,126,1.0,720,False,248,0,25,0,0,273,25,25,dry=0.00|dry_vent=0.06|dew=0.06|canopy=0.00
0.04,25,0.1984126984126984,25,0.06,0.0,0.06,1.0,0,False,126,1.0,720,False,248,0,25,0,0,273,25,25,dry=0.00|dry_vent=0.06|dew=0.06|canopy=0.04
0.06,40,0.31746031746031744,40,0.06,0.0,0.06,1.0,0,False,126,1.0,720,False,248,0,40,0,0,288,40,40,dry=0.00|dry_vent=0.06|dew=0.06|canopy=0.06
0.08,43,0.3412698412698413,43,0.06,0.0,0.06,1.0,0,False,126,1.0,720,False,248,0,43,0,0,291,43,43,dry=0.00|dry_vent=0.06|dew=0.06|canopy=0.08
0.1,47,0.373015873015873,47,0.06,0.0,0.06,1.0,0,False,126,1.0,720,False,248,0,47,0,0,295,47,47,dry=0.00|dry_vent=0.06|dew=0.06|canopy=0.10
0.12,78,0.6190476190476191,78,0.06,0.0,0.06,0.0,0,False,126,1.0,720,False,248,0,78,0,0,326,78,78,dry=0.00|dry_vent=0.06|dew=0.06|canopy=0.12
0.0,40,0.31746031746031744,40,0.08,0.0,0.06,1.0,0,False,126,1.0,720,False,248,0,40,0,0,288,40,40,dry=0.00|dry_vent=0.06|dew=0.08|canopy=0.00
0.04,40,0.31746031746031744,40,0.08,0.0,0.06,1.0,0,False,126,1.0,720,False,248,0,40,0,0,288,40,40,dry=0.00|dry_vent=0.06|dew=0.08|canopy=0.04
0.06,55,0.4365079365079365,55,0.08,0.0,0.06,1.0,0,False,126,1.0,720,False,248,0,55,0,0,303,55,55,dry=0.00|dry_vent=0.06|dew=0.08|canopy=0.06
0.08,58,0.4603174603174603,58,0.08,0.0,0.06,1.0,0,False,126,1.0,720,False,248,0,58,0,0,306,58,58,dry=0.00|dry_vent=0.06|dew=0.08|canopy=0.08
0.1,62,0.49206349206349204,62,0.08,0.0,0.06,1.0,0,False,126,1.0,720,False,248,0,62,0,0,310,62,62,dry=0.00|dry_vent=0.06|dew=0.08|canopy=0.10
0.12,93,0.7380952380952381,93,0.08,0.0,0.06,0.0,0,False,126,1.0,720,False,248,0,93,0,0,341,93,93,dry=0.00|dry_vent=0.06|dew=0.08|canopy=0.12
0.0,47,0.373015873015873,47,0.1,0.0,0.06,1.0,0,False,126,1.0,720,False,248,0,47,0,0,295,47,47,dry=0.00|dry_vent=0.06|dew=0.10|canopy=0.00
0.04,47,0.373015873015873,47,0.1,0.0,0.06,1.0,0,False,126,1.0,720,False,248,0,47,0,0,295,47,47,dry=0.00|dry_vent=0.06|dew=0.10|canopy=0.04
0.06,62,0.49206349206349204,62,0.1,0.0,0.06,1.0,0,False,126,1.0,720,False,248,0,62,0,0,310,62,62,dry=0.00|dry_vent=0.06|dew=0.10|canopy=0.06
0.08,65,0.5158730158730159,65,0.1,0.0,0.06,1.0,0,False,126,1.0,720,False,248,0,65,0,0,313,65,65,dry=0.00|dry_vent=0.06|dew=0.10|canopy=0.08
0.1,69,0.5476190476190477,69,0.1,0.0,0.06,1.0,0,False,126,1.0,720,False,248,0,69,0,0,317,69,69,dry=0.00|dry_vent=0.06|dew=0.10|canopy=0.10
0.12,100,0.7936507936507936,100,0.1,0.0,0.06,0.0,0,False,126,1.0,720,False,248,0,100,0,0,348,100,100,dry=0.00|dry_vent=0.06|dew=0.10|canopy=0.12
0.0,65,0.5158730158730159,65,0.12,0.0,0.06,1.0,0,False,126,1.0,720,False,248,0,65,0,0,313,65,65,dry=0.00|dry_vent=0.06|dew=0.12|canopy=0.00
0.04,65,0.5158730158730159,65,0.12,0.0,0.06,1.0,0,False,126,1.0,720,False,248,0,65,0,0,313,65,65,dry=0.00|dry_vent=0.06|dew=0.12|canopy=0.04
0.06,80,0.6349206349206349,80,0.12,0.0,0.06,1.0,0,False,126,1.0,720,False,248,0,80,0,0,328,80,80,dry=0.00|dry_vent=0.06|dew=0.12|canopy=0.06
0.08,83,0.6587301587301587,83,0.12,0.0,0.06,1.0,0,False,126,1.0,720,False,248,0,83,0,0,331,83,83,dry=0.00|dry_vent=0.06|dew=0.12|canopy=0.08
0.1,87,0.6904761904761905,87,0.12,0.0,0.06,1.0,0,False,126,1.0,720,False,248,0,87,0,0,335,87,87,dry=0.00|dry_vent=0.06|dew=0.12|canopy=0.10
0.12,118,0.9365079365079365,118,0.12,0.0,0.06,0.0,0,True,126,1.0,720,False,248,0,118,0,0,366,118,118,dry=0.00|dry_vent=0.06|dew=0.12|canopy=0.12
0.0,0,0.0,0,0.0,0.02,0.0,0.0,0,False,126,0.0,720,False,248,0,0,0,0,248,0,0,dry=0.02|dry_vent=0.00|dew=0.00|canopy=0.00
0.04,0,0.0,0,0.0,0.02,0.0,0.0,0,False,126,0.0,720,False,248,0,0,0,0,248,0,0,dry=0.02|dry_vent=0.00|dew=0.00|canopy=0.04
0.06,15,0.11904761904761904,15,0.0,0.02,0.0,1.0,0,False,126,0.6666666666666666,720,False,248,0,15,0,0,263,15,15,dry=0.02|dry_vent=0.00|dew=0.00|canopy=0.06
0.08,18,0.14285714285714285,18,0.0,0.02,0.0,1.0,0,False,126,0.6666666666666666,720,False,248,0,18,0,0,266,18,18,dry=0.02|dry_vent=0.00|dew=0.00|canopy=0.08
0.1,22,0.1746031746031746,22,0.0,0.02,0.0,1.0,0,False,126,0.6666666666666666,720,False,248,0,22,0,0,270,22,22,dry=0.02|dry_vent=0.00|dew=0.00|canopy=0.10
0.12,53,0.42063492063492064,53,0.0,0.02,0.0,1.0,0,False,126,1.0,720,False,248,0,53,0,0,301,53,53,dry=0.02|dry_vent=0.00|dew=0.00|canopy=0.12
0.0,0,0.0,0,0.04,0.02,0.0,0.0,0,False,126,0.0,720,False,248,0,0,0,0,248,0,0,dry=0.02|dry_vent=0.00|dew=0.04|canopy=0.00
0.04,0,0.0,0,0.04,0.02,0.0,0.0,0,False,126,0.0,720,False,248,0,0,0,0,248,0,0,dry=0.02|dry_vent=0.00|dew=0.04|canopy=0.04
0.06,15,0.11904761904761904,15,0.04,0.02,0.0,1.0,0,False,126,0.6666666666666666,720,False,248,0,15,0,0,263,15,15,dry=0.02|dry_vent=0.00|dew=0.04|canopy=0.06
0.08,18,0.14285714285714285,18,0.04,0.02,0.0,1.0,0,False,126,0.6666666666666666,720,False,248,0,18,0,0,266,18,18,dry=0.02|dry_vent=0.00|dew=0.04|canopy=0.08
0.1,22,0.1746031746031746,22,0.04,0.02,0.0,1.0,0,False,126,0.6666666666666666,720,False,248,0,22,0,0,270,22,22,dry=0.02|dry_vent=0.00|dew=0.04|canopy=0.10
0.12,53,0.42063492063492064,53,0.04,0.02,0.0,1.0,0,False,126,1.0,720,False,248,0,53,0,0,301,53,53,dry=0.02|dry_vent=0.00|dew=0.04|canopy=0.12
0.0,0,0.0,0,0.06,0.02,0.0,0.0,0,False,126,0.0,720,False,248,0,0,0,0,248,0,0,dry=0.02|dry_vent=0.00|dew=0.06|canopy=0.00
0.04,0,0.0,0,0.06,0.02,0.0,0.0,0,False,126,0.0,720,False,248,0,0,0,0,248,0,0,dry=0.02|dry_vent=0.00|dew=0.06|canopy=0.04
0.06,15,0.11904761904761904,15,0.06,0.02,0.0,1.0,0,False,126,0.6666666666666666,720,False,248,0,15,0,0,263,15,15,dry=0.02|dry_vent=0.00|dew=0.06|canopy=0.06
0.08,18,0.14285714285714285,18,0.06,0.02,0.0,1.0,0,False,126,0.6666666666666666,720,False,248,0,18,0,0,266,18,18,dry=0.02|dry_vent=0.00|dew=0.06|canopy=0.08
0.1,22,0.1746031746031746,22,0.06,0.02,0.0,1.0,0,False,126,0.6666666666666666,720,False,248,0,22,0,0,270,22,22,dry=0.02|dry_vent=0.00|dew=0.06|canopy=0.10
0.12,53,0.42063492063492064,53,0.06,0.02,0.0,1.0,0,False,126,1.0,720,False,248,0,53,0,0,301,53,53,dry=0.02|dry_vent=0.00|dew=0.06|canopy=0.12
0.0,15,0.11904761904761904,15,0.08,0.02,0.0,0.0,0,False,126,0.375,720,False,248,0,15,0,0,263,15,15,dry=0.02|dry_vent=0.00|dew=0.08|canopy=0.00
0.04,15,0.11904761904761904,15,0.08,0.02,0.0,0.0,0,False,126,0.375,720,False,248,0,15,0,0,263,15,15,dry=0.02|dry_vent=0.00|dew=0.08|canopy=0.04
0.06,30,0.23809523809523808,30,0.08,0.02,0.0,1.0,0,False,126,0.6666666666666666,720,False,248,0,30,0,0,278,30,30,dry=0.02|dry_vent=0.00|dew=0.08|canopy=0.06
0.08,33,0.2619047619047619,33,0.08,0.02,0.0,1.0,0,False,126,0.6666666666666666,720,False,248,0,33,0,0,281,33,33,dry=0.02|dry_vent=0.00|dew=0.08|canopy=0.08
0.1,37,0.29365079365079366,37,0.08,0.02,0.0,1.0,0,False,126,0.6666666666666666,720,False,248,0,37,0,0,285,37,37,dry=0.02|dry_vent=0.00|dew=0.08|canopy=0.10
0.12,68,0.5396825396825397,68,0.08,0.02,0.0,1.0,0,False,126,1.0,720,False,248,0,68,0,0,316,68,68,dry=0.02|dry_vent=0.00|dew=0.08|canopy=0.12
0.0,22,0.1746031746031746,22,0.1,0.02,0.0,0.0,0,False,126,0.55,720,False,248,0,22,0,0,270,22,22,dry=0.02|dry_vent=0.00|dew=0.10|canopy=0.00
0.04,22,0.1746031746031746,22,0.1,0.02,0.0,0.0,0,False,126,0.55,720,False,248,0,22,0,0,270,22,22,dry=0.02|dry_vent=0.00|dew=0.10|canopy=0.04
0.06,37,0.29365079365079366,37,0.1,0.02,0.0,1.0,0,False,126,0.6666666666666666,720,False,248,0,37,0,0,285,37,37,dry=0.02|dry_vent=0.00|dew=0.10|canopy=0.06
0.08,40,0.31746031746031744,40,0.1,0.02,0.0,1.0,0,False,126,0.6666666666666666,720,False,248,0,40,0,0,288,40,40,dry=0.02|dry_vent=0.00|dew=0.10|canopy=0.08
0.1,44,0.3492063492063492,44,0.1,0.02,0.0,1.0,0,False,126,0.6666666666666666,720,False,248,0,44,0,0,292,44,44,dry=0.02|dry_vent=0.00|dew=0.10|canopy=0.10
0.12,75,0.5952380952380952,75,0.1,0.02,0.0,1.0,0,False,126,1.0,720,False,248,0,75,0,0,323,75,75,dry=0.02|dry_vent=0.00|dew=0.10|canopy=0.12
0.0,40,0.31746031746031744,40,0.12,0.02,0.0,0.0,0,False,126,1.0,720,False,248,0,40,0,0,288,40,40,dry=0.02|dry_vent=0.00|dew=0.12|canopy=0.00
0.04,40,0.31746031746031744,40,0.12,0.02,0.0,0.0,0,False,126,1.0,720,False,248,0,40,0,0,288,40,40,dry=0.02|dry_vent=0.00|dew=0.12|canopy=0.04
0.06,55,0.4365079365079365,55,0.12,0.02,0.0,1.0,0,False,126,1.0,720,False,248,0,55,0,0,303,55,55,dry=0.02|dry_vent=0.00|dew=0.12|canopy=0.06
0.08,58,0.4603174603174603,58,0.12,0.02,0.0,1.0,0,False,126,1.0,720,False,248,0,58,0,0,306,58,58,dry=0.02|dry_vent=0.00|dew=0.12|canopy=0.08
0.1,62,0.49206349206349204,62,0.12,0.02,0.0,1.0,0,False,126,1.0,720,False,248,0,62,0,0,310,62,62,dry=0.02|dry_vent=0.00|dew=0.12|canopy=0.10
0.12,93,0.7380952380952381,93,0.12,0.02,0.0,1.0,0,False,126,1.0,720,False,248,0,93,0,0,341,93,93,dry=0.02|dry_vent=0.00|dew=0.12|canopy=0.12
0.0,0,0.0,0,0.0,0.02,0.02,0.0,0,False,126,0.0,720,False,248,0,0,0,0,248,0,0,dry=0.02|dry_vent=0.02|dew=0.00|canopy=0.00
0.04,0,0.0,0,0.0,0.02,0.02,0.0,0,False,126,0.0,720,False,248,0,0,0,0,248,0,0,dry=0.02|dry_vent=0.02|dew=0.00|canopy=0.04
0.06,15,0.11904761904761904,15,0.0,0.02,0.02,1.0,0,False,126,0.6666666666666666,720,False,248,0,15,0,0,263,15,15,dry=0.02|dry_vent=0.02|dew=0.00|canopy=0.06
0.08,18,0.14285714285714285,18,0.0,0.02,0.02,1.0,0,False,126,0.6666666666666666,720,False,248,0,18,0,0,266,18,18,dry=0.02|dry_vent=0.02|dew=0.00|canopy=0.08
0.1,22,0.1746031746031746,22,0.0,0.02,0.02,1.0,0,False,126,0.6666666666666666,720,False,248,0,22,0,0,270,22,22,dry=0.02|dry_vent=0.02|dew=0.00|canopy=0.10
0.12,53,0.42063492063492064,53,0.0,0.02,0.02,1.0,0,False,126,1.0,720,False,248,0,53,0,0,301,53,53,dry=0.02|dry_vent=0.02|dew=0.00|canopy=0.12
0.0,0,0.0,0,0.04,0.02,0.02,0.0,0,False,126,0.0,720,False,248,0,0,0,0,248,0,0,dry=0.02|dry_vent=0.02|dew=0.04|canopy=0.00
0.04,0,0.0,0,0.04,0.02,0.02,0.0,0,False,126,0.0,720,False,248,0,0,0,0,248,0,0,dry=0.02|dry_vent=0.02|dew=0.04|canopy=0.04
0.06,15,0.11904761904761904,15,0.04,0.02,0.02,1.0,0,False,126,0.6666666666666666,720,False,248,0,15,0,0,263,15,15,dry=0.02|dry_vent=0.02|dew=0.04|canopy=0.06
0.08,18,0.14285714285714285,18,0.04,0.02,0.02,1.0,0,False,126,0.6666666666666666,720,False,248,0,18,0,0,266,18,18,dry=0.02|dry_vent=0.02|dew=0.04|canopy=0.08
0.1,22,0.1746031746031746,22,0.04,0.02,0.02,1.0,0,False,126,0.6666666666666666,720,False,248,0,22,0,0,270,22,22,dry=0.02|dry_vent=0.02|dew=0.04|canopy=0.10
0.12,53,0.42063492063492064,53,0.04,0.02,0.02,1.0,0,False,126,1.0,720,False,248,0,53,0,0,301,53,53,dry=0.02|dry_vent=0.02|dew=0.04|canopy=0.12
0.0,0,0.0,0,0.06,0.02,0.02,0.0,0,False,126,0.0,720,False,248,0,0,0,0,248,0,0,dry=0.02|dry_vent=0.02|dew=0.06|canopy=0.00
0.04,0,0.0,0,0.06,0.02,0.02,0.0,0,False,126,0.0,720,False,248,0,0,0,0,248,0,0,dry=0.02|dry_vent=0.02|dew=0.06|canopy=0.04
0.06,15,0.11904761904761904,15,0.06,0.02,0.02,1.0,0,False,126,0.6666666666666666,720,False,248,0,15,0,0,263,15,15,dry=0.02|dry_vent=0.02|dew=0.06|canopy=0.06
0.08,18,0.14285714285714285,18,0.06,0.02,0.02,1.0,0,False,126,0.6666666666666666,720,False,248,0,18,0,0,266,18,18,dry=0.02|dry_vent=0.02|dew=0.06|canopy=0.08
0.1,22,0.1746031746031746,22,0.06,0.02,0.02,1.0,0,False,126,0.6666666666666666,720,False,248,0,22,0,0,270,22,22,dry=0.02|dry_vent=0.02|dew=0.06|canopy=0.10
0.12,53,0.42063492063492064,53,0.06,0.02,0.02,1.0,0,False,126,1.0,720,False,248,0,53,0,0,301,53,53,dry=0.02|dry_vent=0.02|dew=0.06|canopy=0.12
0.0,15,0.11904761904761904,15,0.08,0.02,0.02,0.0,0,False,126,0.375,720,False,248,0,15,0,0,263,15,15,dry=0.02|dry_vent=0.02|dew=0.08|canopy=0.00
0.04,15,0.11904761904761904,15,0.08,0.02,0.02,0.0,0,False,126,0.375,720,False,248,0,15,0,0,263,15,15,dry=0.02|dry_vent=0.02|dew=0.08|canopy=0.04
0.06,30,0.23809523809523808,30,0.08,0.02,0.02,1.0,0,False,126,0.6666666666666666,720,False,248,0,30,0,0,278,30,30,dry=0.02|dry_vent=0.02|dew=0.08|canopy=0.06
0.08,33,0.2619047619047619,33,0.08,0.02,0.02,1.0,0,False,126,0.6666666666666666,720,False,248,0,33,0,0,281,33,33,dry=0.02|dry_vent=0.02|dew=0.08|canopy=0.08
0.1,37,0.29365079365079366,37,0.08,0.02,0.02,1.0,0,False,126,0.6666666666666666,720,False,248,0,37,0,0,285,37,37,dry=0.02|dry_vent=0.02|dew=0.08|canopy=0.10
0.12,68,0.5396825396825397,68,0.08,0.02,0.02,1.0,0,False,126,1.0,720,False,248,0,68,0,0,316,68,68,dry=0.02|dry_vent=0.02|dew=0.08|canopy=0.12
0.0,22,0.1746031746031746,22,0.1,0.02,0.02,0.0,0,False,126,0.55,720,False,248,0,22,0,0,270,22,22,dry=0.02|dry_vent=0.02|dew=0.10|canopy=0.00
0.04,22,0.1746031746031746,22,0.1,0.02,0.02,0.0,0,False,126,0.55,720,False,248,0,22,0,0,270,22,22,dry=0.02|dry_vent=0.02|dew=0.10|canopy=0.04
0.06,37,0.29365079365079366,37,0.1,0.02,0.02,1.0,0,False,126,0.6666666666666666,720,False,248,0,37,0,0,285,37,37,dry=0.02|dry_vent=0.02|dew=0.10|canopy=0.06
0.08,40,0.31746031746031744,40,0.1,0.02,0.02,1.0,0,False,126,0.6666666666666666,720,False,248,0,40,0,0,288,40,40,dry=0.02|dry_vent=0.02|dew=0.10|canopy=0.08
0.1,44,0.3492063492063492,44,0.1,0.02,0.02,1.0,0,False,126,0.6666666666666666,720,False,248,0,44,0,0,292,44,44,dry=0.02|dry_vent=0.02|dew=0.10|canopy=0.10
0.12,75,0.5952380952380952,75,0.1,0.02,0.02,1.0,0,False,126,1.0,720,False,248,0,75,0,0,323,75,75,dry=0.02|dry_vent=0.02|dew=0.10|canopy=0.12
0.0,40,0.31746031746031744,40,0.12,0.02,0.02,0.0,0,False,126,1.0,720,False,248,0,40,0,0,288,40,40,dry=0.02|dry_vent=0.02|dew=0.12|canopy=0.00
0.04,40,0.31746031746031744,40,0.12,0.02,0.02,0.0,0,False,126,1.0,720,False,248,0,40,0,0,288,40,40,dry=0.02|dry_vent=0.02|dew=0.12|canopy=0.04
0.06,55,0.4365079365079365,55,0.12,0.02,0.02,1.0,0,False,126,1.0,720,False,248,0,55,0,0,303,55,55,dry=0.02|dry_vent=0.02|dew=0.12|canopy=0.06
0.08,58,0.4603174603174603,58,0.12,0.02,0.02,1.0,0,False,126,1.0,720,False,248,0,58,0,0,306,58,58,dry=0.02|dry_vent=0.02|dew=0.12|canopy=0.08
0.1,62,0.49206349206349204,62,0.12,0.02,0.02,1.0,0,False,126,1.0,720,False,248,0,62,0,0,310,62,62,dry=0.02|dry_vent=0.02|dew=0.12|canopy=0.10
0.12,93,0.7380952380952381,93,0.12,0.02,0.02,1.0,0,False,126,1.0,720,False,248,0,93,0,0,341,93,93,dry=0.02|dry_vent=0.02|dew=0.12|canopy=0.12
0.0,0,0.0,0,0.0,0.02,0.04,0.0,0,False,126,0.0,720,False,248,0,0,0,0,248,0,0,dry=0.02|dry_vent=0.04|dew=0.00|canopy=0.00
0.04,0,0.0,0,0.0,0.02,0.04,0.0,0,False,126,0.0,720,False,248,0,0,0,0,248,0,0,dry=0.02|dry_vent=0.04|dew=0.00|canopy=0.04
0.06,15,0.11904761904761904,15,0.0,0.02,0.04,1.0,0,False,126,0.6666666666666666,720,False,248,0,15,0,0,263,15,15,dry=0.02|dry_vent=0.04|dew=0.00|canopy=0.06
0.08,18,0.14285714285714285,18,0.0,0.02,0.04,1.0,0,False,126,0.6666666666666666,720,False,248,0,18,0,0,266,18,18,dry=0.02|dry_vent=0.04|dew=0.00|canopy=0.08
0.1,22,0.1746031746031746,22,0.0,0.02,0.04,1.0,0,False,126,0.6666666666666666,720,False,248,0,22,0,0,270,22,22,dry=0.02|dry_vent=0.04|dew=0.00|canopy=0.10
0.12,53,0.42063492063492064,53,0.0,0.02,0.04,1.0,0,False,126,1.0,720,False,248,0,53,0,0,301,53,53,dry=0.02|dry_vent=0.04|dew=0.00|canopy=0.12
0.0,0,0.0,0,0.04,0.02,0.04,0.0,0,False,126,0.0,720,False,248,0,0,0,0,248,0,0,dry=0.02|dry_vent=0.04|dew=0.04|canopy=0.00
0.04,0,0.0,0,0.04,0.02,0.04,0.0,0,False,126,0.0,720,False,248,0,0,0,0,248,0,0,dry=0.02|dry_vent=0.04|dew=0.04|canopy=0.04
0.06,15,0.11904761904761904,15,0.04,0.02,0.04,1.0,0,False,126,0.6666666666666666,720,False,248,0,15,0,0,263,15,15,dry=0.02|dry_vent=0.04|dew=0.04|canopy=0.06
0.08,18,0.14285714285714285,18,0.04,0.02,0.04,1.0,0,False,126,0.6666666666666666,720,False,248,0,18,0,0,266,18,18,dry=0.02|dry_vent=0.04|dew=0.04|canopy=0.08
0.1,22,0.1746031746031746,22,0.04,0.02,0.04,1.0,0,False,126,0.6666666666666666,720,False,248,0,22,0,0,270,22,22,dry=0.02|dry_vent=0.04|dew=0.04|canopy=0.10
0.12,53,0.42063492063492064,53,0.04,0.02,0.04,1.0,0,False,126,1.0,720,False,248,0,53,0,0,301,53,53,dry=0.02|dry_vent=0.04|dew=0.04|canopy=0.12
0.0,0,0.0,0,0.06,0.02,0.04,0.0,0,False,126,0.0,720,False,248,0,0,0,0,248,0,0,dry=0.02|dry_vent=0.04|dew=0.06|canopy=0.00
0.04,0,0.0,0,0.06,0.02,0.04,0.0,0,False,126,0.0,720,False,248,0,0,0,0,248,0,0,dry=0.02|dry_vent=0.04|dew=0.06|canopy=0.04
0.06,15,0.11904761904761904,15,0.06,0.02,0.04,1.0,0,False,126,0.6666666666666666,720,False,248,0,15,0,0,263,15,15,dry=0.02|dry_vent=0.04|dew=0.06|canopy=0.06
0.08,18,0.14285714285714285,18,0.06,0.02,0.04,1.0,0,False,126,0.6666666666666666,720,False,248,0,18,0,0,266,18,18,dry=0.02|dry_vent=0.04|dew=0.06|canopy=0.08
0.1,22,0.1746031746031746,22,0.06,0.02,0.04,1.0,0,False,126,0.6666666666666666,720,False,248,0,22,0,0,270,22,22,dry=0.02|dry_vent=0.04|dew=0.06|canopy=0.10
0.12,53,0.42063492063492064,53,0.06,0.02,0.04,1.0,0,False,126,1.0,720,False,248,0,53,0,0,301,53,53,dry=0.02|dry_vent=0.04|dew=0.06|canopy=0.12
0.0,15,0.11904761904761904,15,0.08,0.02,0.04,0.0,0,False,126,0.375,720,False,248,0,15,0,0,263,15,15,dry=0.02|dry_vent=0.04|dew=0.08|canopy=0.00
0.04,15,0.11904761904761904,15,0.08,0.02,0.04,0.0,0,False,126,0.375,720,False,248,0,15,0,0,263,15,15,dry=0.02|dry_vent=0.04|dew=0.08|canopy=0.04
0.06,30,0.23809523809523808,30,0.08,0.02,0.04,1.0,0,False,126,0.6666666666666666,720,False,248,0,30,0,0,278,30,30,dry=0.02|dry_vent=0.04|dew=0.08|canopy=0.06
0.08,33,0.2619047619047619,33,0.08,0.02,0.04,1.0,0,False,126,0.6666666666666666,720,False,248,0,33,0,0,281,33,33,dry=0.02|dry_vent=0.04|dew=0.08|canopy=0.08
0.1,37,0.29365079365079366,37,0.08,0.02,0.04,1.0,0,False,126,0.6666666666666666,720,False,248,0,37,0,0,285,37,37,dry=0.02|dry_vent=0.04|dew=0.08|canopy=0.10
0.12,68,0.5396825396825397,68,0.08,0.02,0.04,1.0,0,False,126,1.0,720,False,248,0,68,0,0,316,68,68,dry=0.02|dry_vent=0.04|dew=0.08|canopy=0.12
0.0,22,0.1746031746031746,22,0.1,0.02,0.04,0.0,0,False,126,0.55,720,False,248,0,22,0,0,270,22,22,dry=0.02|dry_vent=0.04|dew=0.10|canopy=0.00
0.04,22,0.1746031746031746,22,0.1,0.02,0.04,0.0,0,False,126,0.55,720,False,248,0,22,0,0,270,22,22,dry=0.02|dry_vent=0.04|dew=0.10|canopy=0.04
0.06,37,0.29365079365079366,37,0.1,0.02,0.04,1.0,0,False,126,0.6666666666666666,720,False,248,0,37,0,0,285,37,37,dry=0.02|dry_vent=0.04|dew=0.10|canopy=0.06
0.08,40,0.31746031746031744,40,0.1,0.02,0.04,1.0,0,False,126,0.6666666666666666,720,False,248,0,40,0,0,288,40,40,dry=0.02|dry_vent=0.04|dew=0.10|canopy=0.08
0.1,44,0.3492063492063492,44,0.1,0.02,0.04,1.0,0,False,126,0.6666666666666666,720,False,248,0,44,0,0,292,44,44,dry=0.02|dry_vent=0.04|dew=0.10|canopy=0.10
0.12,75,0.5952380952380952,75,0.1,0.02,0.04,1.0,0,False,126,1.0,720,False,248,0,75,0,0,323,75,75,dry=0.02|dry_vent=0.04|dew=0.10|canopy=0.12
0.0,40,0.31746031746031744,40,0.12,0.02,0.04,0.0,0,False,126,1.0,720,False,248,0,40,0,0,288,40,40,dry=0.02|dry_vent=0.04|dew=0.12|canopy=0.00
0.04,40,0.31746031746031744,40,0.12,0.02,0.04,0.0,0,False,126,1.0,720,False,248,0,40,0,0,288,40,40,dry=0.02|dry_vent=0.04|dew=0.12|canopy=0.04
0.06,55,0.4365079365079365,55,0.12,0.02,0.04,1.0,0,False,126,1.0,720,False,248,0,55,0,0,303,55,55,dry=0.02|dry_vent=0.04|dew=0.12|canopy=0.06
0.08,58,0.4603174603174603,58,0.12,0.02,0.04,1.0,0,False,126,1.0,720,False,248,0,58,0,0,306,58,58,dry=0.02|dry_vent=0.04|dew=0.12|canopy=0.08
0.1,62,0.49206349206349204,62,0.12,0.02,0.04,1.0,0,False,126,1.0,720,False,248,0,62,0,0,310,62,62,dry=0.02|dry_vent=0.04|dew=0.12|canopy=0.10
0.12,93,0.7380952380952381,93,0.12,0.02,0.04,1.0,0,False,126,1.0,720,False,248,0,93,0,0,341,93,93,dry=0.02|dry_vent=0.04|dew=0.12|canopy=0.12
0.0,25,0.1984126984126984,25,0.0,0.02,0.06,1.0,0,False,126,1.0,720,False,248,0,25,0,0,273,25,25,dry=0.02|dry_vent=0.06|dew=0.00|canopy=0.00
0.04,25,0.1984126984126984,25,0.0,0.02,0.06,1.0,0,False,126,1.0,720,False,248,0,25,0,0,273,25,25,dry=0.02|dry_vent=0.06|dew=0.00|canopy=0.04
0.06,40,0.31746031746031744,40,0.0,0.02,0.06,1.0,0,False,126,1.0,720,False,248,0,40,0,0,288,40,40,dry=0.02|dry_vent=0.06|dew=0.00|canopy=0.06
0.08,43,0.3412698412698413,43,0.0,0.02,0.06,1.0,0,False,126,1.0,720,False,248,0,43,0,0,291,43,43,dry=0.02|dry_vent=0.06|dew=0.00|canopy=0.08
0.1,47,0.373015873015873,47,0.0,0.02,0.06,1.0,0,False,126,1.0,720,False,248,0,47,0,0,295,47,47,dry=0.02|dry_vent=0.06|dew=0.00|canopy=0.10
0.12,78,0.6190476190476191,78,0.0,0.02,0.06,0.0,0,False,126,1.0,720,False,248,0,78,0,0,326,78,78,dry=0.02|dry_vent=0.06|dew=0.00|canopy=0.12
0.0,25,0.1984126984126984,25,0.04,0.02,0.06,1.0,0,False,126,1.0,720,False,248,0,25,0,0,273,25,25,dry=0.02|dry_vent=0.06|dew=0.04|canopy=0.00
0.04,25,0.1984126984126984,25,0.04,0.02,0.06,1.0,0,False,126,1.0,720,False,248,0,25,0,0,273,25,25,dry=0.02|dry_vent=0.06|dew=0.04|canopy=0.04
0.06,40,0.31746031746031744,40,0.04,0.02,0.06,1.0,0,False,126,1.0,720,False,248,0,40,0,0,288,40,40,dry=0.02|dry_vent=0.06|dew=0.04|canopy=0.06
0.08,43,0.3412698412698413,43,0.04,0.02,0.06,1.0,0,False,126,1.0,720,False,248,0,43,0,0,291,43,43,dry=0.02|dry_vent=0.06|dew=0.04|canopy=0.08
0.1,47,0.373015873015873,47,0.04,0.02,0.06,1.0,0,False,126,1.0,720,False,248,0,47,0,0,295,47,47,dry=0.02|dry_vent=0.06|dew=0.04|canopy=0.10
0.12,78,0.6190476190476191,78,0.04,0.02,0.06,0.0,0,False,126,1.0,720,False,248,0,78,0,0,326,78,78,dry=0.02|dry_vent=0.06|dew=0.04|canopy=0.12
0.0,25,0.1984126984126984,25,0.06,0.02,0.06,1.0,0,False,126,1.0,720,False,248,0,25,0,0,273,25,25,dry=0.02|dry_vent=0.06|dew=0.06|canopy=0.00
0.04,25,0.1984126984126984,25,0.06,0.02,0.06,1.0,0,False,126,1.0,720,False,248,0,25,0,0,273,25,25,dry=0.02|dry_vent=0.06|dew=0.06|canopy=0.04
0.06,40,0.31746031746031744,40,0.06,0.02,0.06,1.0,0,False,126,1.0,720,False,248,0,40,0,0,288,40,40,dry=0.02|dry_vent=0.06|dew=0.06|canopy=0.06
0.08,43,0.3412698412698413,43,0.06,0.02,0.06,1.0,0,False,126,1.0,720,False,248,0,43,0,0,291,43,43,dry=0.02|dry_vent=0.06|dew=0.06|canopy=0.08
0.1,47,0.373015873015873,47,0.06,0.02,0.06,1.0,0,False,126,1.0,720,False,248,0,47,0,0,295,47,47,dry=0.02|dry_vent=0.06|dew=0.06|canopy=0.10
0.12,78,0.6190476190476191,78,0.06,0.02,0.06,0.0,0,False,126,1.0,720,False,248,0,78,0,0,326,78,78,dry=0.02|dry_vent=0.06|dew=0.06|canopy=0.12
0.0,40,0.31746031746031744,40,0.08,0.02,0.06,1.0,0,False,126,1.0,720,False,248,0,40,0,0,288,40,40,dry=0.02|dry_vent=0.06|dew=0.08|canopy=0.00
0.04,40,0.31746031746031744,40,0.08,0.02,0.06,1.0,0,False,126,1.0,720,False,248,0,40,0,0,288,40,40,dry=0.02|dry_vent=0.06|dew=0.08|canopy=0.04
0.06,55,0.4365079365079365,55,0.08,0.02,0.06,1.0,0,False,126,1.0,720,False,248,0,55,0,0,303,55,55,dry=0.02|dry_vent=0.06|dew=0.08|canopy=0.06
0.08,58,0.4603174603174603,58,0.08,0.02,0.06,1.0,0,False,126,1.0,720,False,248,0,58,0,0,306,58,58,dry=0.02|dry_vent=0.06|dew=0.08|canopy=0.08
0.1,62,0.49206349206349204,62,0.08,0.02,0.06,1.0,0,False,126,1.0,720,False,248,0,62,0,0,310,62,62,dry=0.02|dry_vent=0.06|dew=0.08|canopy=0.10
0.12,93,0.7380952380952381,93,0.08,0.02,0.06,0.0,0,False,126,1.0,720,False,248,0,93,0,0,341,93,93,dry=0.02|dry_vent=0.06|dew=0.08|canopy=0.12
0.0,47,0.373015873015873,47,0.1,0.02,0.06,1.0,0,False,126,1.0,720,False,248,0,47,0,0,295,47,47,dry=0.02|dry_vent=0.06|dew=0.10|canopy=0.00
0.04,47,0.373015873015873,47,0.1,0.02,0.06,1.0,0,False,126,1.0,720,False,248,0,47,0,0,295,47,47,dry=0.02|dry_vent=0.06|dew=0.10|canopy=0.04
0.06,62,0.49206349206349204,62,0.1,0.02,0.06,1.0,0,False,126,1.0,720,False,248,0,62,0,0,310,62,62,dry=0.02|dry_vent=0.06|dew=0.10|canopy=0.06
0.08,65,0.5158730158730159,65,0.1,0.02,0.06,1.0,0,False,126,1.0,720,False,248,0,65,0,0,313,65,65,dry=0.02|dry_vent=0.06|dew=0.10|canopy=0.08
0.1,69,0.5476190476190477,69,0.1,0.02,0.06,1.0,0,False,126,1.0,720,False,248,0,69,0,0,317,69,69,dry=0.02|dry_vent=0.06|dew=0.10|canopy=0.10
0.12,100,0.7936507936507936,100,0.1,0.02,0.06,0.0,0,False,126,1.0,720,False,248,0,100,0,0,348,100,100,dry=0.02|dry_vent=0.06|dew=0.10|canopy=0.12
0.0,65,0.5158730158730159,65,0.12,0.02,0.06,1.0,0,False,126,1.0,720,False,248,0,65,0,0,313,65,65,dry=0.02|dry_vent=0.06|dew=0.12|canopy=0.00
0.04,65,0.5158730158730159,65,0.12,0.02,0.06,1.0,0,False,126,1.0,720,False,248,0,65,0,0,313,65,65,dry=0.02|dry_vent=0.06|dew=0.12|canopy=0.04
0.06,80,0.6349206349206349,80,0.12,0.02,0.06,1.0,0,False,126,1.0,720,False,248,0,80,0,0,328,80,80,dry=0.02|dry_vent=0.06|dew=0.12|canopy=0.06
0.08,83,0.6587301587301587,83,0.12,0.02,0.06,1.0,0,False,126,1.0,720,False,248,0,83,0,0,331,83,83,dry=0.02|dry_vent=0.06|dew=0.12|canopy=0.08
0.1,87,0.6904761904761905,87,0.12,0.02,0.06,1.0,0,False,126,1.0,720,False,248,0,87,0,0,335,87,87,dry=0.02|dry_vent=0.06|dew=0.12|canopy=0.10
0.12,118,0.9365079365079365,118,0.12,0.02,0.06,0.0,0,True,126,1.0,720,False,248,0,118,0,0,366,118,118,dry=0.02|dry_vent=0.06|dew=0.12|canopy=0.12
0.0,0,0.0,0,0.0,0.04,0.0,0.0,0,False,126,0.0,720,False,248,0,0,0,0,248,0,0,dry=0.04|dry_vent=0.00|dew=0.00|canopy=0.00
0.04,0,0.0,0,0.0,0.04,0.0,0.0,0,False,126,0.0,720,False,248,0,0,0,0,248,0,0,dry=0.04|dry_vent=0.00|dew=0.00|canopy=0.04
0.06,15,0.11904761904761904,15,0.0,0.04,0.0,1.0,0,False,126,0.6666666666666666,720,False,248,0,15,0,0,263,15,15,dry=0.04|dry_vent=0.00|dew=0.00|canopy=0.06
0.08,18,0.14285714285714285,18,0.0,0.04,0.0,1.0,0,False,126,0.6666666666666666,720,False,248,0,18,0,0,266,18,18,dry=0.04|dry_vent=0.00|dew=0.00|canopy=0.08
0.1,22,0.1746031746031746,22,0.0,0.04,0.0,1.0,0,False,126,0.6666666666666666,720,False,248,0,22,0,0,270,22,22,dry=0.04|dry_vent=0.00|dew=0.00|canopy=0.10
0.12,53,0.42063492063492064,53,0.0,0.04,0.0,1.0,0,False,126,1.0,720,False,248,0,53,0,0,301,53,53,dry=0.04|dry_vent=0.00|dew=0.00|canopy=0.12
0.0,0,0.0,0,0.04,0.04,0.0,0.0,0,False,126,0.0,720,False,248,0,0,0,0,248,0,0,dry=0.04|dry_vent=0.00|dew=0.04|canopy=0.00
0.04,0,0.0,0,0.04,0.04,0.0,0.0,0,False,126,0.0,720,False,248,0,0,0,0,248,0,0,dry=0.04|dry_vent=0.00|dew=0.04|canopy=0.04
0.06,15,0.11904761904761904,15,0.04,0.04,0.0,1.0,0,False,126,0.6666666666666666,720,False,248,0,15,0,0,263,15,15,dry=0.04|dry_vent=0.00|dew=0.04|canopy=0.06
0.08,18,0.14285714285714285,18,0.04,0.04,0.0,1.0,0,False,126,0.6666666666666666,720,False,248,0,18,0,0,266,18,18,dry=0.04|dry_vent=0.00|dew=0.04|canopy=0.08
0.1,22,0.1746031746031746,22,0.04,0.04,0.0,1.0,0,False,126,0.6666666666666666,720,False,248,0,22,0,0,270,22,22,dry=0.04|dry_vent=0.00|dew=0.04|canopy=0.10
0.12,53,0.42063492063492064,53,0.04,0.04,0.0,1.0,0,False,126,1.0,720,False,248,0,53,0,0,301,53,53,dry=0.04|dry_vent=0.00|dew=0.04|canopy=0.12
0.0,0,0.0,0,0.06,0.04,0.0,0.0,0,False,126,0.0,720,False,248,0,0,0,0,248,0,0,dry=0.04|dry_vent=0.00|dew=0.06|canopy=0.00
0.04,0,0.0,0,0.06,0.04,0.0,0.0,0,False,126,0.0,720,False,248,0,0,0,0,248,0,0,dry=0.04|dry_vent=0.00|dew=0.06|canopy=0.04
0.06,15,0.11904761904761904,15,0.06,0.04,0.0,1.0,0,False,126,0.6666666666666666,720,False,248,0,15,0,0,263,15,15,dry=0.04|dry_vent=0.00|dew=0.06|canopy=0.06
0.08,18,0.14285714285714285,18,0.06,0.04,0.0,1.0,0,False,126,0.6666666666666666,720,False,248,0,18,0,0,266,18,18,dry=0.04|dry_vent=0.00|dew=0.06|canopy=0.08
0.1,22,0.1746031746031746,22,0.06,0.04,0.0,1.0,0,False,126,0.6666666666666666,720,False,248,0,22,0,0,270,22,22,dry=0.04|dry_vent=0.00|dew=0.06|canopy=0.10
0.12,53,0.42063492063492064,53,0.06,0.04,0.0,1.0,0,False,126,1.0,720,False,248,0,53,0,0,301,53,53,dry=0.04|dry_vent=0.00|dew=0.06|canopy=0.12
0.0,15,0.11904761904761904,15,0.08,0.04,0.0,0.0,0,False,126,0.375,720,False,248,0,15,0,0,263,15,15,dry=0.04|dry_vent=0.00|dew=0.08|canopy=0.00
0.04,15,0.11904761904761904,15,0.08,0.04,0.0,0.0,0,False,126,0.375,720,False,248,0,15,0,0,263,15,15,dry=0.04|dry_vent=0.00|dew=0.08|canopy=0.04
0.06,30,0.23809523809523808,30,0.08,0.04,0.0,1.0,0,False,126,0.6666666666666666,720,False,248,0,30,0,0,278,30,30,dry=0.04|dry_vent=0.00|dew=0.08|canopy=0.06
0.08,33,0.2619047619047619,33,0.08,0.04,0.0,1.0,0,False,126,0.6666666666666666,720,False,248,0,33,0,0,281,33,33,dry=0.04|dry_vent=0.00|dew=0.08|canopy=0.08
0.1,37,0.29365079365079366,37,0.08,0.04,0.0,1.0,0,False,126,0.6666666666666666,720,False,248,0,37,0,0,285,37,37,dry=0.04|dry_vent=0.00|dew=0.08|canopy=0.10
0.12,68,0.5396825396825397,68,0.08,0.04,0.0,1.0,0,False,126,1.0,720,False,248,0,68,0,0,316,68,68,dry=0.04|dry_vent=0.00|dew=0.08|canopy=0.12
0.0,22,0.1746031746031746,22,0.1,0.04,0.0,0.0,0,False,126,0.55,720,False,248,0,22,0,0,270,22,22,dry=0.04|dry_vent=0.00|dew=0.10|canopy=0.00
0.04,22,0.1746031746031746,22,0.1,0.04,0.0,0.0,0,False,126,0.55,720,False,248,0,22,0,0,270,22,22,dry=0.04|dry_vent=0.00|dew=0.10|canopy=0.04
0.06,37,0.29365079365079366,37,0.1,0.04,0.0,1.0,0,False,126,0.6666666666666666,720,False,248,0,37,0,0,285,37,37,dry=0.04|dry_vent=0.00|dew=0.10|canopy=0.06
0.08,40,0.31746031746031744,40,0.1,0.04,0.0,1.0,0,False,126,0.6666666666666666,720,False,248,0,40,0,0,288,40,40,dry=0.04|dry_vent=0.00|dew=0.10|canopy=0.08
0.1,44,0.3492063492063492,44,0.1,0.04,0.0,1.0,0,False,126,0.6666666666666666,720,False,248,0,44,0,0,292,44,44,dry=0.04|dry_vent=0.00|dew=0.10|canopy=0.10
0.12,75,0.5952380952380952,75,0.1,0.04,0.0,1.0,0,False,126,1.0,720,False,248,0,75,0,0,323,75,75,dry=0.04|dry_vent=0.00|dew=0.10|canopy=0.12
0.0,40,0.31746031746031744,40,0.12,0.04,0.0,0.0,0,False,126,1.0,720,False,248,0,40,0,0,288,40,40,dry=0.04|dry_vent=0.00|dew=0.12|canopy=0.00
0.04,40,0.31746031746031744,40,0.12,0.04,0.0,0.0,0,False,126,1.0,720,False,248,0,40,0,0,288,40,40,dry=0.04|dry_vent=0.00|dew=0.12|canopy=0.04
0.06,55,0.4365079365079365,55,0.12,0.04,0.0,1.0,0,False,126,1.0,720,False,248,0,55,0,0,303,55,55,dry=0.04|dry_vent=0.00|dew=0.12|canopy=0.06
0.08,58,0.4603174603174603,58,0.12,0.04,0.0,1.0,0,False,126,1.0,720,False,248,0,58,0,0,306,58,58,dry=0.04|dry_vent=0.00|dew=0.12|canopy=0.08
0.1,62,0.49206349206349204,62,0.12,0.04,0.0,1.0,0,False,126,1.0,720,False,248,0,62,0,0,310,62,62,dry=0.04|dry_vent=0.00|dew=0.12|canopy=0.10
0.12,93,0.7380952380952381,93,0.12,0.04,0.0,1.0,0,False,126,1.0,720,False,248,0,93,0,0,341,93,93,dry=0.04|dry_vent=0.00|dew=0.12|canopy=0.12
0.0,0,0.0,0,0.0,0.04,0.02,0.0,0,False,126,0.0,720,False,248,0,0,0,0,248,0,0,dry=0.04|dry_vent=0.02|dew=0.00|canopy=0.00
0.04,0,0.0,0,0.0,0.04,0.02,0.0,0,False,126,0.0,720,False,248,0,0,0,0,248,0,0,dry=0.04|dry_vent=0.02|dew=0.00|canopy=0.04
0.06,15,0.11904761904761904,15,0.0,0.04,0.02,1.0,0,False,126,0.6666666666666666,720,False,248,0,15,0,0,263,15,15,dry=0.04|dry_vent=0.02|dew=0.00|canopy=0.06
0.08,18,0.14285714285714285,18,0.0,0.04,0.02,1.0,0,False,126,0.6666666666666666,720,False,248,0,18,0,0,266,18,18,dry=0.04|dry_vent=0.02|dew=0.00|canopy=0.08
0.1,22,0.1746031746031746,22,0.0,0.04,0.02,1.0,0,False,126,0.6666666666666666,720,False,248,0,22,0,0,270,22,22,dry=0.04|dry_vent=0.02|dew=0.00|canopy=0.10
0.12,53,0.42063492063492064,53,0.0,0.04,0.02,1.0,0,False,126,1.0,720,False,248,0,53,0,0,301,53,53,dry=0.04|dry_vent=0.02|dew=0.00|canopy=0.12
0.0,0,0.0,0,0.04,0.04,0.02,0.0,0,False,126,0.0,720,False,248,0,0,0,0,248,0,0,dry=0.04|dry_vent=0.02|dew=0.04|canopy=0.00
0.04,0,0.0,0,0.04,0.04,0.02,0.0,0,False,126,0.0,720,False,248,0,0,0,0,248,0,0,dry=0.04|dry_vent=0.02|dew=0.04|canopy=0.04
0.06,15,0.11904761904761904,15,0.04,0.04,0.02,1.0,0,False,126,0.6666666666666666,720,False,248,0,15,0,0,263,15,15,dry=0.04|dry_vent=0.02|dew=0.04|canopy=0.06
0.08,18,0.14285714285714285,18,0.04,0.04,0.02,1.0,0,False,126,0.6666666666666666,720,False,248,0,18,0,0,266,18,18,dry=0.04|dry_vent=0.02|dew=0.04|canopy=0.08
0.1,22,0.1746031746031746,22,0.04,0.04,0.02,1.0,0,False,126,0.6666666666666666,720,False,248,0,22,0,0,270,22,22,dry=0.04|dry_vent=0.02|dew=0.04|canopy=0.10
0.12,53,0.42063492063492064,53,0.04,0.04,0.02,1.0,0,False,126,1.0,720,False,248,0,53,0,0,301,53,53,dry=0.04|dry_vent=0.02|dew=0.04|canopy=0.12
0.0,0,0.0,0,0.06,0.04,0.02,0.0,0,False,126,0.0,720,False,248,0,0,0,0,248,0,0,dry=0.04|dry_vent=0.02|dew=0.06|canopy=0.00
0.04,0,0.0,0,0.06,0.04,0.02,0.0,0,False,126,0.0,720,False,248,0,0,0,0,248,0,0,dry=0.04|dry_vent=0.02|dew=0.06|canopy=0.04
0.06,15,0.11904761904761904,15,0.06,0.04,0.02,1.0,0,False,126,0.6666666666666666,720,False,248,0,15,0,0,263,15,15,dry=0.04|dry_vent=0.02|dew=0.06|canopy=0.06
0.08,18,0.14285714285714285,18,0.06,0.04,0.02,1.0,0,False,126,0.6666666666666666,720,False,248,0,18,0,0,266,18,18,dry=0.04|dry_vent=0.02|dew=0.06|canopy=0.08
0.1,22,0.1746031746031746,22,0.06,0.04,0.02,1.0,0,False,126,0.6666666666666666,720,False,248,0,22,0,0,270,22,22,dry=0.04|dry_vent=0.02|dew=0.06|canopy=0.10
0.12,53,0.42063492063492064,53,0.06,0.04,0.02,1.0,0,False,126,1.0,720,False,248,0,53,0,0,301,53,53,dry=0.04|dry_vent=0.02|dew=0.06|canopy=0.12
0.0,15,0.11904761904761904,15,0.08,0.04,0.02,0.0,0,False,126,0.375,720,False,248,0,15,0,0,263,15,15,dry=0.04|dry_vent=0.02|dew=0.08|canopy=0.00
0.04,15,0.11904761904761904,15,0.08,0.04,0.02,0.0,0,False,126,0.375,720,False,248,0,15,0,0,263,15,15,dry=0.04|dry_vent=0.02|dew=0.08|canopy=0.04
0.06,30,0.23809523809523808,30,0.08,0.04,0.02,1.0,0,False,126,0.6666666666666666,720,False,248,0,30,0,0,278,30,30,dry=0.04|dry_vent=0.02|dew=0.08|canopy=0.06
0.08,33,0.2619047619047619,33,0.08,0.04,0.02,1.0,0,False,126,0.6666666666666666,720,False,248,0,33,0,0,281,33,33,dry=0.04|dry_vent=0.02|dew=0.08|canopy=0.08
0.1,37,0.29365079365079366,37,0.08,0.04,0.02,1.0,0,False,126,0.6666666666666666,720,False,248,0,37,0,0,285,37,37,dry=0.04|dry_vent=0.02|dew=0.08|canopy=0.10
0.12,68,0.5396825396825397,68,0.08,0.04,0.02,1.0,0,False,126,1.0,720,False,248,0,68,0,0,316,68,68,dry=0.04|dry_vent=0.02|dew=0.08|canopy=0.12
0.0,22,0.1746031746031746,22,0.1,0.04,0.02,0.0,0,False,126,0.55,720,False,248,0,22,0,0,270,22,22,dry=0.04|dry_vent=0.02|dew=0.10|canopy=0.00
0.04,22,0.1746031746031746,22,0.1,0.04,0.02,0.0,0,False,126,0.55,720,False,248,0,22,0,0,270,22,22,dry=0.04|dry_vent=0.02|dew=0.10|canopy=0.04
0.06,37,0.29365079365079366,37,0.1,0.04,0.02,1.0,0,False,126,0.6666666666666666,720,False,248,0,37,0,0,285,37,37,dry=0.04|dry_vent=0.02|dew=0.10|canopy=0.06
0.08,40,0.31746031746031744,40,0.1,0.04,0.02,1.0,0,False,126,0.6666666666666666,720,False,248,0,40,0,0,288,40,40,dry=0.04|dry_vent=0.02|dew=0.10|canopy=0.08
0.1,44,0.3492063492063492,44,0.1,0.04,0.02,1.0,0,False,126,0.6666666666666666,720,False,248,0,44,0,0,292,44,44,dry=0.04|dry_vent=0.02|dew=0.10|canopy=0.10
0.12,75,0.5952380952380952,75,0.1,0.04,0.02,1.0,0,False,126,1.0,720,False,248,0,75,0,0,323,75,75,dry=0.04|dry_vent=0.02|dew=0.10|canopy=0.12
0.0,40,0.31746031746031744,40,0.12,0.04,0.02,0.0,0,False,126,1.0,720,False,248,0,40,0,0,288,40,40,dry=0.04|dry_vent=0.02|dew=0.12|canopy=0.00
0.04,40,0.31746031746031744,40,0.12,0.04,0.02,0.0,0,False,126,1.0,720,False,248,0,40,0,0,288,40,40,dry=0.04|dry_vent=0.02|dew=0.12|canopy=0.04
0.06,55,0.4365079365079365,55,0.12,0.04,0.02,1.0,0,False,126,1.0,720,False,248,0,55,0,0,303,55,55,dry=0.04|dry_vent=0.02|dew=0.12|canopy=0.06
0.08,58,0.4603174603174603,58,0.12,0.04,0.02,1.0,0,False,126,1.0,720,False,248,0,58,0,0,306,58,58,dry=0.04|dry_vent=0.02|dew=0.12|canopy=0.08
0.1,62,0.49206349206349204,62,0.12,0.04,0.02,1.0,0,False,126,1.0,720,False,248,0,62,0,0,310,62,62,dry=0.04|dry_vent=0.02|dew=0.12|canopy=0.10
0.12,93,0.7380952380952381,93,0.12,0.04,0.02,1.0,0,False,126,1.0,720,False,248,0,93,0,0,341,93,93,dry=0.04|dry_vent=0.02|dew=0.12|canopy=0.12
0.0,0,0.0,0,0.0,0.04,0.04,0.0,0,False,126,0.0,720,False,248,0,0,0,0,248,0,0,dry=0.04|dry_vent=0.04|dew=0.00|canopy=0.00
0.04,0,0.0,0,0.0,0.04,0.04,0.0,0,False,126,0.0,720,False,248,0,0,0,0,248,0,0,dry=0.04|dry_vent=0.04|dew=0.00|canopy=0.04
0.06,15,0.11904761904761904,15,0.0,0.04,0.04,1.0,0,False,126,0.6666666666666666,720,False,248,0,15,0,0,263,15,15,dry=0.04|dry_vent=0.04|dew=0.00|canopy=0.06
0.08,18,0.14285714285714285,18,0.0,0.04,0.04,1.0,0,False,126,0.6666666666666666,720,False,248,0,18,0,0,266,18,18,dry=0.04|dry_vent=0.04|dew=0.00|canopy=0.08
0.1,22,0.1746031746031746,22,0.0,0.04,0.04,1.0,0,False,126,0.6666666666666666,720,False,248,0,22,0,0,270,22,22,dry=0.04|dry_vent=0.04|dew=0.00|canopy=0.10
0.12,53,0.42063492063492064,53,0.0,0.04,0.04,1.0,0,False,126,1.0,720,False,248,0,53,0,0,301,53,53,dry=0.04|dry_vent=0.04|dew=0.00|canopy=0.12
0.0,0,0.0,0,0.04,0.04,0.04,0.0,0,False,126,0.0,720,False,248,0,0,0,0,248,0,0,dry=0.04|dry_vent=0.04|dew=0.04|canopy=0.00
0.04,0,0.0,0,0.04,0.04,0.04,0.0,0,False,126,0.0,720,False,248,0,0,0,0,248,0,0,dry=0.04|dry_vent=0.04|dew=0.04|canopy=0.04
0.06,15,0.11904761904761904,15,0.04,0.04,0.04,1.0,0,False,126,0.6666666666666666,720,False,248,0,15,0,0,263,15,15,dry=0.04|dry_vent=0.04|dew=0.04|canopy=0.06
0.08,18,0.14285714285714285,18,0.04,0.04,0.04,1.0,0,False,126,0.6666666666666666,720,False,248,0,18,0,0,266,18,18,dry=0.04|dry_vent=0.04|dew=0.04|canopy=0.08
0.1,22,0.1746031746031746,22,0.04,0.04,0.04,1.0,0,False,126,0.6666666666666666,720,False,248,0,22,0,0,270,22,22,dry=0.04|dry_vent=0.04|dew=0.04|canopy=0.10
0.12,53,0.42063492063492064,53,0.04,0.04,0.04,1.0,0,False,126,1.0,720,False,248,0,53,0,0,301,53,53,dry=0.04|dry_vent=0.04|dew=0.04|canopy=0.12
0.0,0,0.0,0,0.06,0.04,0.04,0.0,0,False,126,0.0,720,False,248,0,0,0,0,248,0,0,dry=0.04|dry_vent=0.04|dew=0.06|canopy=0.00
0.04,0,0.0,0,0.06,0.04,0.04,0.0,0,False,126,0.0,720,False,248,0,0,0,0,248,0,0,dry=0.04|dry_vent=0.04|dew=0.06|canopy=0.04
0.06,15,0.11904761904761904,15,0.06,0.04,0.04,1.0,0,False,126,0.6666666666666666,720,False,248,0,15,0,0,263,15,15,dry=0.04|dry_vent=0.04|dew=0.06|canopy=0.06
0.08,18,0.14285714285714285,18,0.06,0.04,0.04,1.0,0,False,126,0.6666666666666666,720,False,248,0,18,0,0,266,18,18,dry=0.04|dry_vent=0.04|dew=0.06|canopy=0.08
0.1,22,0.1746031746031746,22,0.06,0.04,0.04,1.0,0,False,126,0.6666666666666666,720,False,248,0,22,0,0,270,22,22,dry=0.04|dry_vent=0.04|dew=0.06|canopy=0.10
0.12,53,0.42063492063492064,53,0.06,0.04,0.04,1.0,0,False,126,1.0,720,False,248,0,53,0,0,301,53,53,dry=0.04|dry_vent=0.04|dew=0.06|canopy=0.12
0.0,15,0.11904761904761904,15,0.08,0.04,0.04,0.0,0,False,126,0.375,720,False,248,0,15,0,0,263,15,15,dry=0.04|dry_vent=0.04|dew=0.08|canopy=0.00
0.04,15,0.11904761904761904,15,0.08,0.04,0.04,0.0,0,False,126,0.375,720,False,248,0,15,0,0,263,15,15,dry=0.04|dry_vent=0.04|dew=0.08|canopy=0.04
0.06,30,0.23809523809523808,30,0.08,0.04,0.04,1.0,0,False,126,0.6666666666666666,720,False,248,0,30,0,0,278,30,30,dry=0.04|dry_vent=0.04|dew=0.08|canopy=0.06
0.08,33,0.2619047619047619,33,0.08,0.04,0.04,1.0,0,False,126,0.6666666666666666,720,False,248,0,33,0,0,281,33,33,dry=0.04|dry_vent=0.04|dew=0.08|canopy=0.08
0.1,37,0.29365079365079366,37,0.08,0.04,0.04,1.0,0,False,126,0.6666666666666666,720,False,248,0,37,0,0,285,37,37,dry=0.04|dry_vent=0.04|dew=0.08|canopy=0.10
0.12,68,0.5396825396825397,68,0.08,0.04,0.04,1.0,0,False,126,1.0,720,False,248,0,68,0,0,316,68,68,dry=0.04|dry_vent=0.04|dew=0.08|canopy=0.12
0.0,22,0.1746031746031746,22,0.1,0.04,0.04,0.0,0,False,126,0.55,720,False,248,0,22,0,0,270,22,22,dry=0.04|dry_vent=0.04|dew=0.10|canopy=0.00
0.04,22,0.1746031746031746,22,0.1,0.04,0.04,0.0,0,False,126,0.55,720,False,248,0,22,0,0,270,22,22,dry=0.04|dry_vent=0.04|dew=0.10|canopy=0.04
0.06,37,0.29365079365079366,37,0.1,0.04,0.04,1.0,0,False,126,0.6666666666666666,720,False,248,0,37,0,0,285,37,37,dry=0.04|dry_vent=0.04|dew=0.10|canopy=0.06
0.08,40,0.31746031746031744,40,0.1,0.04,0.04,1.0,0,False,126,0.6666666666666666,720,False,248,0,40,0,0,288,40,40,dry=0.04|dry_vent=0.04|dew=0.10|canopy=0.08
0.1,44,0.3492063492063492,44,0.1,0.04,0.04,1.0,0,False,126,0.6666666666666666,720,False,248,0,44,0,0,292,44,44,dry=0.04|dry_vent=0.04|dew=0.10|canopy=0.10
0.12,75,0.5952380952380952,75,0.1,0.04,0.04,1.0,0,False,126,1.0,720,False,248,0,75,0,0,323,75,75,dry=0.04|dry_vent=0.04|dew=0.10|canopy=0.12
0.0,40,0.31746031746031744,40,0.12,0.04,0.04,0.0,0,False,126,1.0,720,False,248,0,40,0,0,288,40,40,dry=0.04|dry_vent=0.04|dew=0.12|canopy=0.00
0.04,40,0.31746031746031744,40,0.12,0.04,0.04,0.0,0,False,126,1.0,720,False,248,0,40,0,0,288,40,40,dry=0.04|dry_vent=0.04|dew=0.12|canopy=0.04
0.06,55,0.4365079365079365,55,0.12,0.04,0.04,1.0,0,False,126,1.0,720,False,248,0,55,0,0,303,55,55,dry=0.04|dry_vent=0.04|dew=0.12|canopy=0.06
0.08,58,0.4603174603174603,58,0.12,0.04,0.04,1.0,0,False,126,1.0,720,False,248,0,58,0,0,306,58,58,dry=0.04|dry_vent=0.04|dew=0.12|canopy=0.08
0.1,62,0.49206349206349204,62,0.12,0.04,0.04,1.0,0,False,126,1.0,720,False,248,0,62,0,0,310,62,62,dry=0.04|dry_vent=0.04|dew=0.12|canopy=0.10
0.12,93,0.7380952380952381,93,0.12,0.04,0.04,1.0,0,False,126,1.0,720,False,248,0,93,0,0,341,93,93,dry=0.04|dry_vent=0.04|dew=0.12|canopy=0.12
0.0,25,0.1984126984126984,25,0.0,0.04,0.06,1.0,0,False,126,1.0,720,False,248,0,25,0,0,273,25,25,dry=0.04|dry_vent=0.06|dew=0.00|canopy=0.00
0.04,25,0.1984126984126984,25,0.0,0.04,0.06,1.0,0,False,126,1.0,720,False,248,0,25,0,0,273,25,25,dry=0.04|dry_vent=0.06|dew=0.00|canopy=0.04
0.06,40,0.31746031746031744,40,0.0,0.04,0.06,1.0,0,False,126,1.0,720,False,248,0,40,0,0,288,40,40,dry=0.04|dry_vent=0.06|dew=0.00|canopy=0.06
0.08,43,0.3412698412698413,43,0.0,0.04,0.06,1.0,0,False,126,1.0,720,False,248,0,43,0,0,291,43,43,dry=0.04|dry_vent=0.06|dew=0.00|canopy=0.08
0.1,47,0.373015873015873,47,0.0,0.04,0.06,1.0,0,False,126,1.0,720,False,248,0,47,0,0,295,47,47,dry=0.04|dry_vent=0.06|dew=0.00|canopy=0.10
0.12,78,0.6190476190476191,78,0.0,0.04,0.06,0.0,0,False,126,1.0,720,False,248,0,78,0,0,326,78,78,dry=0.04|dry_vent=0.06|dew=0.00|canopy=0.12
0.0,25,0.1984126984126984,25,0.04,0.04,0.06,1.0,0,False,126,1.0,720,False,248,0,25,0,0,273,25,25,dry=0.04|dry_vent=0.06|dew=0.04|canopy=0.00
0.04,25,0.1984126984126984,25,0.04,0.04,0.06,1.0,0,False,126,1.0,720,False,248,0,25,0,0,273,25,25,dry=0.04|dry_vent=0.06|dew=0.04|canopy=0.04
0.06,40,0.31746031746031744,40,0.04,0.04,0.06,1.0,0,False,126,1.0,720,False,248,0,40,0,0,288,40,40,dry=0.04|dry_vent=0.06|dew=0.04|canopy=0.06
0.08,43,0.3412698412698413,43,0.04,0.04,0.06,1.0,0,False,126,1.0,720,False,248,0,43,0,0,291,43,43,dry=0.04|dry_vent=0.06|dew=0.04|canopy=0.08
0.1,47,0.373015873015873,47,0.04,0.04,0.06,1.0,0,False,126,1.0,720,False,248,0,47,0,0,295,47,47,dry=0.04|dry_vent=0.06|dew=0.04|canopy=0.10
0.12,78,0.6190476190476191,78,0.04,0.04,0.06,0.0,0,False,126,1.0,720,False,248,0,78,0,0,326,78,78,dry=0.04|dry_vent=0.06|dew=0.04|canopy=0.12
0.0,25,0.1984126984126984,25,0.06,0.04,0.06,1.0,0,False,126,1.0,720,False,248,0,25,0,0,273,25,25,dry=0.04|dry_vent=0.06|dew=0.06|canopy=0.00
0.04,25,0.1984126984126984,25,0.06,0.04,0.06,1.0,0,False,126,1.0,720,False,248,0,25,0,0,273,25,25,dry=0.04|dry_vent=0.06|dew=0.06|canopy=0.04
0.06,40,0.31746031746031744,40,0.06,0.04,0.06,1.0,0,False,126,1.0,720,False,248,0,40,0,0,288,40,40,dry=0.04|dry_vent=0.06|dew=0.06|canopy=0.06
0.08,43,0.3412698412698413,43,0.06,0.04,0.06,1.0,0,False,126,1.0,720,False,248,0,43,0,0,291,43,43,dry=0.04|dry_vent=0.06|dew=0.06|canopy=0.08
0.1,47,0.373015873015873,47,0.06,0.04,0.06,1.0,0,False,126,1.0,720,False,248,0,47,0,0,295,47,47,dry=0.04|dry_vent=0.06|dew=0.06|canopy=0.10
0.12,78,0.6190476190476191,78,0.06,0.04,0.06,0.0,0,False,126,1.0,720,False,248,0,78,0,0,326,78,78,dry=0.04|dry_vent=0.06|dew=0.06|canopy=0.12
0.0,40,0.31746031746031744,40,0.08,0.04,0.06,1.0,0,False,126,1.0,720,False,248,0,40,0,0,288,40,40,dry=0.04|dry_vent=0.06|dew=0.08|canopy=0.00
0.04,40,0.31746031746031744,40,0.08,0.04,0.06,1.0,0,False,126,1.0,720,False,248,0,40,0,0,288,40,40,dry=0.04|dry_vent=0.06|dew=0.08|canopy=0.04
0.06,55,0.4365079365079365,55,0.08,0.04,0.06,1.0,0,False,126,1.0,720,False,248,0,55,0,0,303,55,55,dry=0.04|dry_vent=0.06|dew=0.08|canopy=0.06
0.08,58,0.4603174603174603,58,0.08,0.04,0.06,1.0,0,False,126,1.0,720,False,248,0,58,0,0,306,58,58,dry=0.04|dry_vent=0.06|dew=0.08|canopy=0.08
0.1,62,0.49206349206349204,62,0.08,0.04,0.06,1.0,0,False,126,1.0,720,False,248,0,62,0,0,310,62,62,dry=0.04|dry_vent=0.06|dew=0.08|canopy=0.10
0.12,93,0.7380952380952381,93,0.08,0.04,0.06,0.0,0,False,126,1.0,720,False,248,0,93,0,0,341,93,93,dry=0.04|dry_vent=0.06|dew=0.08|canopy=0.12
0.0,47,0.373015873015873,47,0.1,0.04,0.06,1.0,0,False,126,1.0,720,False,248,0,47,0,0,295,47,47,dry=0.04|dry_vent=0.06|dew=0.10|canopy=0.00
0.04,47,0.373015873015873,47,0.1,0.04,0.06,1.0,0,False,126,1.0,720,False,248,0,47,0,0,295,47,47,dry=0.04|dry_vent=0.06|dew=0.10|canopy=0.04
0.06,62,0.49206349206349204,62,0.1,0.04,0.06,1.0,0,False,126,1.0,720,False,248,0,62,0,0,310,62,62,dry=0.04|dry_vent=0.06|dew=0.10|canopy=0.06
0.08,65,0.5158730158730159,65,0.1,0.04,0.06,1.0,0,False,126,1.0,720,False,248,0,65,0,0,313,65,65,dry=0.04|dry_vent=0.06|dew=0.10|canopy=0.08
0.1,69,0.5476190476190477,69,0.1,0.04,0.06,1.0,0,False,126,1.0,720,False,248,0,69,0,0,317,69,69,dry=0.04|dry_vent=0.06|dew=0.10|canopy=0.10
0.12,100,0.7936507936507936,100,0.1,0.04,0.06,0.0,0,False,126,1.0,720,False,248,0,100,0,0,348,100,100,dry=0.04|dry_vent=0.06|dew=0.10|canopy=0.12
0.0,65,0.5158730158730159,65,0.12,0.04,0.06,1.0,0,False,126,1.0,720,False,248,0,65,0,0,313,65,65,dry=0.04|dry_vent=0.06|dew=0.12|canopy=0.00
0.04,65,0.5158730158730159,65,0.12,0.04,0.06,1.0,0,False,126,1.0,720,False,248,0,65,0,0,313,65,65,dry=0.04|dry_vent=0.06|dew=0.12|canopy=0.04
0.06,80,0.6349206349206349,80,0.12,0.04,0.06,1.0,0,False,126,1.0,720,False,248,0,80,0,0,328,80,80,dry=0.04|dry_vent=0.06|dew=0.12|canopy=0.06
0.08,83,0.6587301587301587,83,0.12,0.04,0.06,1.0,0,False,126,1.0,720,False,248,0,83,0,0,331,83,83,dry=0.04|dry_vent=0.06|dew=0.12|canopy=0.08
0.1,87,0.6904761904761905,87,0.12,0.04,0.06,1.0,0,False,126,1.0,720,False,248,0,87,0,0,335,87,87,dry=0.04|dry_vent=0.06|dew=0.12|canopy=0.10
0.12,118,0.9365079365079365,118,0.12,0.04,0.06,0.0,0,True,126,1.0,720,False,248,0,118,0,0,366,118,118,dry=0.04|dry_vent=0.06|dew=0.12|canopy=0.12
0.0,6,0.047619047619047616,6,0.0,0.06,0.0,0.0,0,False,126,0.75,720,False,248,0,6,0,0,254,6,6,dry=0.06|dry_vent=0.00|dew=0.00|canopy=0.00
0.04,6,0.047619047619047616,6,0.0,0.06,0.0,0.0,0,False,126,0.75,720,False,248,0,6,0,0,254,6,6,dry=0.06|dry_vent=0.00|dew=0.00|canopy=0.04
0.06,21,0.16666666666666666,21,0.0,0.06,0.0,1.0,0,False,126,0.75,720,False,248,0,21,0,0,269,21,21,dry=0.06|dry_vent=0.00|dew=0.00|canopy=0.06
0.08,24,0.19047619047619047,24,0.0,0.06,0.0,1.0,0,False,126,0.75,720,False,248,0,24,0,0,272,24,24,dry=0.06|dry_vent=0.00|dew=0.00|canopy=0.08
0.1,28,0.2222222222222222,28,0.0,0.06,0.0,1.0,0,False,126,0.75,720,False,248,0,28,0,0,276,28,28,dry=0.06|dry_vent=0.00|dew=0.00|canopy=0.10
0.12,59,0.46825396825396826,59,0.0,0.06,0.0,1.0,0,False,126,1.0,720,False,248,0,59,0,0,307,59,59,dry=0.06|dry_vent=0.00|dew=0.00|canopy=0.12
0.0,6,0.047619047619047616,6,0.04,0.06,0.0,0.0,0,False,126,0.75,720,False,248,0,6,0,0,254,6,6,dry=0.06|dry_vent=0.00|dew=0.04|canopy=0.00
0.04,6,0.047619047619047616,6,0.04,0.06,0.0,0.0,0,False,126,0.75,720,False,248,0,6,0,0,254,6,6,dry=0.06|dry_vent=0.00|dew=0.04|canopy=0.04
0.06,21,0.16666666666666666,21,0.04,0.06,0.0,1.0,0,False,126,0.75,720,False,248,0,21,0,0,269,21,21,dry=0.06|dry_vent=0.00|dew=0.04|canopy=0.06
0.08,24,0.19047619047619047,24,0.04,0.06,0.0,1.0,0,False,126,0.75,720,False,248,0,24,0,0,272,24,24,dry=0.06|dry_vent=0.00|dew=0.04|canopy=0.08
0.1,28,0.2222222222222222,28,0.04,0.06,0.0,1.0,0,False,126,0.75,720,False,248,0,28,0,0,276,28,28,dry=0.06|dry_vent=0.00|dew=0.04|canopy=0.10
0.12,59,0.46825396825396826,59,0.04,0.06,0.0,1.0,0,False,126,1.0,720,False,248,0,59,0,0,307,59,59,dry=0.06|dry_vent=0.00|dew=0.04|canopy=0.12
0.0,6,0.047619047619047616,6,0.06,0.06,0.0,0.0,0,False,126,0.75,720,False,248,0,6,0,0,254,6,6,dry=0.06|dry_vent=0.00|dew=0.06|canopy=0.00
0.04,6,0.047619047619047616,6,0.06,0.06,0.0,0.0,0,False,126,0.75,720,False,248,0,6,0,0,254,6,6,dry=0.06|dry_vent=0.00|dew=0.06|canopy=0.04
0.06,21,0.16666666666666666,21,0.06,0.06,0.0,1.0,0,False,126,0.75,720,False,248,0,21,0,0,269,21,21,dry=0.06|dry_vent=0.00|dew=0.06|canopy=0.06
0.08,24,0.19047619047619047,24,0.06,0.06,0.0,1.0,0,False,126,0.75,720,False,248,0,24,0,0,272,24,24,dry=0.06|dry_vent=0.00|dew=0.06|canopy=0.08
0.1,28,0.2222222222222222,28,0.06,0.06,0.0,1.0,0,False,126,0.75,720,False,248,0,28,0,0,276,28,28,dry=0.06|dry_vent=0.00|dew=0.06|canopy=0.10
0.12,59,0.46825396825396826,59,0.06,0.06,0.0,1.0,0,False,126,1.0,720,False,248,0,59,0,0,307,59,59,dry=0.06|dry_vent=0.00|dew=0.06|canopy=0.12
0.0,21,0.16666666666666666,21,0.08,0.06,0.0,0.0,0,False,126,0.75,720,False,248,0,21,0,0,269,21,21,dry=0.06|dry_vent=0.00|dew=0.08|canopy=0.00
0.04,21,0.16666666666666666,21,0.08,0.06,0.0,0.0,0,False,126,0.75,720,False,248,0,21,0,0,269,21,21,dry=0.06|dry_vent=0.00|dew=0.08|canopy=0.04
0.06,36,0.2857142857142857,36,0.08,0.06,0.0,1.0,0,False,126,0.75,720,False,248,0,36,0,0,284,36,36,dry=0.06|dry_vent=0.00|dew=0.08|canopy=0.06
0.08,39,0.30952380952380953,39,0.08,0.06,0.0,1.0,0,False,126,0.75,720,False,248,0,39,0,0,287,39,39,dry=0.06|dry_vent=0.00|dew=0.08|canopy=0.08
0.1,43,0.3412698412698413,43,0.08,0.06,0.0,1.0,0,False,126,0.75,720,False,248,0,43,0,0,291,43,43,dry=0.06|dry_vent=0.00|dew=0.08|canopy=0.10
0.12,74,0.5873015873015873,74,0.08,0.06,0.0,1.0,0,False,126,1.0,720,False,248,0,74,0,0,322,74,74,dry=0.06|dry_vent=0.00|dew=0.08|canopy=0.12
0.0,28,0.2222222222222222,28,0.1,0.06,0.0,0.0,0,False,126,0.75,720,False,248,0,28,0,0,276,28,28,dry=0.06|dry_vent=0.00|dew=0.10|canopy=0.00
0.04,28,0.2222222222222222,28,0.1,0.06,0.0,0.0,0,False,126,0.75,720,False,248,0,28,0,0,276,28,28,dry=0.06|dry_vent=0.00|dew=0.10|canopy=0.04
0.06,43,0.3412698412698413,43,0.1,0.06,0.0,1.0,0,False,126,0.75,720,False,248,0,43,0,0,291,43,43,dry=0.06|dry_vent=0.00|dew=0.10|canopy=0.06
0.08,46,0.36507936507936506,46,0.1,0.06,0.0,1.0,0,False,126,0.75,720,False,248,0,46,0,0,294,46,46,dry=0.06|dry_vent=0.00|dew=0.10|canopy=0.08
0.1,50,0.3968253968253968,50,0.1,0.06,0.0,1.0,0,False,126,0.75,720,False,248,0,50,0,0,298,50,50,dry=0.06|dry_vent=0.00|dew=0.10|canopy=0.10
0.12,81,0.6428571428571429,81,0.1,0.06,0.0,1.0,0,False,126,1.0,720,False,248,0,81,0,0,329,81,81,dry=0.06|dry_vent=0.00|dew=0.10|canopy=0.12
0.0,46,0.36507936507936506,46,0.12,0.06,0.0,0.0,0,False,126,1.0,720,False,248,0,46,0,0,294,46,46,dry=0.06|dry_vent=0.00|dew=0.12|canopy=0.00
0.04,46,0.36507936507936506,46,0.12,0.06,0.0,0.0,0,False,126,1.0,720,False,248,0,46,0,0,294,46,46,dry=0.06|dry_vent=0.00|dew=0.12|canopy=0.04
0.06,61,0.48412698412698413,61,0.12,0.06,0.0,1.0,0,False,126,1.0,720,False,248,0,61,0,0,309,61,61,dry=0.06|dry_vent=0.00|dew=0.12|canopy=0.06
0.08,64,0.5079365079365079,64,0.12,0.06,0.0,1.0,0,False,126,1.0,720,False,248,0,64,0,0,312,64,64,dry=0.06|dry_vent=0.00|dew=0.12|canopy=0.08
0.1,68,0.5396825396825397,68,0.12,0.06,0.0,1.0,0,False,126,1.0,720,False,248,0,68,0,0,316,68,68,dry=0.06|dry_vent=0.00|dew=0.12|canopy=0.10
0.12,99,0.7857142857142857,99,0.12,0.06,0.0,1.0,0,False,126,1.0,720,False,248,0,99,0,0,347,99,99,dry=0.06|dry_vent=0.00|dew=0.12|canopy=0.12
0.0,6,0.047619047619047616,6,0.0,0.06,0.02,0.0,0,False,126,0.75,720,False,248,0,6,0,0,254,6,6,dry=0.06|dry_vent=0.02|dew=0.00|canopy=0.00
0.04,6,0.047619047619047616,6,0.0,0.06,0.02,0.0,0,False,126,0.75,720,False,248,0,6,0,0,254,6,6,dry=0.06|dry_vent=0.02|dew=0.00|canopy=0.04
0.06,21,0.16666666666666666,21,0.0,0.06,0.02,1.0,0,False,126,0.75,720,False,248,0,21,0,0,269,21,21,dry=0.06|dry_vent=0.02|dew=0.00|canopy=0.06
0.08,24,0.19047619047619047,24,0.0,0.06,0.02,1.0,0,False,126,0.75,720,False,248,0,24,0,0,272,24,24,dry=0.06|dry_vent=0.02|dew=0.00|canopy=0.08
0.1,28,0.2222222222222222,28,0.0,0.06,0.02,1.0,0,False,126,0.75,720,False,248,0,28,0,0,276,28,28,dry=0.06|dry_vent=0.02|dew=0.00|canopy=0.10
0.12,59,0.46825396825396826,59,0.0,0.06,0.02,1.0,0,False,126,1.0,720,False,248,0,59,0,0,307,59,59,dry=0.06|dry_vent=0.02|dew=0.00|canopy=0.12
0.0,6,0.047619047619047616,6,0.04,0.06,0.02,0.0,0,False,126,0.75,720,False,248,0,6,0,0,254,6,6,dry=0.06|dry_vent=0.02|dew=0.04|canopy=0.00
0.04,6,0.047619047619047616,6,0.04,0.06,0.02,0.0,0,False,126,0.75,720,False,248,0,6,0,0,254,6,6,dry=0.06|dry_vent=0.02|dew=0.04|canopy=0.04
0.06,21,0.16666666666666666,21,0.04,0.06,0.02,1.0,0,False,126,0.75,720,False,248,0,21,0,0,269,21,21,dry=0.06|dry_vent=0.02|dew=0.04|canopy=0.06
0.08,24,0.19047619047619047,24,0.04,0.06,0.02,1.0,0,False,126,0.75,720,False,248,0,24,0,0,272,24,24,dry=0.06|dry_vent=0.02|dew=0.04|canopy=0.08
0.1,28,0.2222222222222222,28,0.04,0.06,0.02,1.0,0,False,126,0.75,720,False,248,0,28,0,0,276,28,28,dry=0.06|dry_vent=0.02|dew=0.04|canopy=0.10
0.12,59,0.46825396825396826,59,0.04,0.06,0.02,1.0,0,False,126,1.0,720,False,248,0,59,0,0,307,59,59,dry=0.06|dry_vent=0.02|dew=0.04|canopy=0.12
0.0,6,0.047619047619047616,6,0.06,0.06,0.02,0.0,0,False,126,0.75,720,False,248,0,6,0,0,254,6,6,dry=0.06|dry_vent=0.02|dew=0.06|canopy=0.00
0.04,6,0.047619047619047616,6,0.06,0.06,0.02,0.0,0,False,126,0.75,720,False,248,0,6,0,0,254,6,6,dry=0.06|dry_vent=0.02|dew=0.06|canopy=0.04
0.06,21,0.16666666666666666,21,0.06,0.06,0.02,1.0,0,False,126,0.75,720,False,248,0,21,0,0,269,21,21,dry=0.06|dry_vent=0.02|dew=0.06|canopy=0.06
0.08,24,0.19047619047619047,24,0.06,0.06,0.02,1.0,0,False,126,0.75,720,False,248,0,24,0,0,272,24,24,dry=0.06|dry_vent=0.02|dew=0.06|canopy=0.08
0.1,28,0.2222222222222222,28,0.06,0.06,0.02,1.0,0,False,126,0.75,720,False,248,0,28,0,0,276,28,28,dry=0.06|dry_vent=0.02|dew=0.06|canopy=0.10
0.12,59,0.46825396825396826,59,0.06,0.06,0.02,1.0,0,False,126,1.0,720,False,248,0,59,0,0,307,59,59,dry=0.06|dry_vent=0.02|dew=0.06|canopy=0.12
0.0,21,0.16666666666666666,21,0.08,0.06,0.02,0.0,0,False,126,0.75,720,False,248,0,21,0,0,269,21,21,dry=0.06|dry_vent=0.02|dew=0.08|canopy=0.00
0.04,21,0.16666666666666666,21,0.08,0.06,0.02,0.0,0,False,126,0.75,720,False,248,0,21,0,0,269,21,21,dry=0.06|dry_vent=0.02|dew=0.08|canopy=0.04
0.06,36,0.2857142857142857,36,0.08,0.06,0.02,1.0,0,False,126,0.75,720,False,248,0,36,0,0,284,36,36,dry=0.06|dry_vent=0.02|dew=0.08|canopy=0.06
0.08,39,0.30952380952380953,39,0.08,0.06,0.02,1.0,0,False,126,0.75,720,False,248,0,39,0,0,287,39,39,dry=0.06|dry_vent=0.02|dew=0.08|canopy=0.08
0.1,43,0.3412698412698413,43,0.08,0.06,0.02,1.0,0,False,126,0.75,720,False,248,0,43,0,0,291,43,43,dry=0.06|dry_vent=0.02|dew=0.08|canopy=0.10
0.12,74,0.5873015873015873,74,0.08,0.06,0.02,1.0,0,False,126,1.0,720,False,248,0,74,0,0,322,74,74,dry=0.06|dry_vent=0.02|dew=0.08|canopy=0.12
0.0,28,0.2222222222222222,28,0.1,0.06,0.02,0.0,0,False,126,0.75,720,False,248,0,28,0,0,276,28,28,dry=0.06|dry_vent=0.02|dew=0.10|canopy=0.00
0.04,28,0.2222222222222222,28,0.1,0.06,0.02,0.0,0,False,126,0.75,720,False,248,0,28,0,0,276,28,28,dry=0.06|dry_vent=0.02|dew=0.10|canopy=0.04
0.06,43,0.3412698412698413,43,0.1,0.06,0.02,1.0,0,False,126,0.75,720,False,248,0,43,0,0,291,43,43,dry=0.06|dry_vent=0.02|dew=0.10|canopy=0.06
0.08,46,0.36507936507936506,46,0.1,0.06,0.02,1.0,0,False,126,0.75,720,False,248,0,46,0,0,294,46,46,dry=0.06|dry_vent=0.02|dew=0.10|canopy=0.08
0.1,50,0.3968253968253968,50,0.1,0.06,0.02,1.0,0,False,126,0.75,720,False,248,0,50,0,0,298,50,50,dry=0.06|dry_vent=0.02|dew=0.10|canopy=0.10
0.12,81,0.6428571428571429,81,0.1,0.06,0.02,1.0,0,False,126,1.0,720,False,248,0,81,0,0,329,81,81,dry=0.06|dry_vent=0.02|dew=0.10|canopy=0.12
0.0,46,0.36507936507936506,46,0.12,0.06,0.02,0.0,0,False,126,1.0,720,False,248,0,46,0,0,294,46,46,dry=0.06|dry_vent=0.02|dew=0.12|canopy=0.00
0.04,46,0.36507936507936506,46,0.12,0.06,0.02,0.0,0,False,126,1.0,720,False,248,0,46,0,0,294,46,46,dry=0.06|dry_vent=0.02|dew=0.12|canopy=0.04
0.06,61,0.48412698412698413,61,0.12,0.06,0.02,1.0,0,False,126,1.0,720,False,248,0,61,0,0,309,61,61,dry=0.06|dry_vent=0.02|dew=0.12|canopy=0.06
0.08,64,0.5079365079365079,64,0.12,0.06,0.02,1.0,0,False,126,1.0,720,False,248,0,64,0,0,312,64,64,dry=0.06|dry_vent=0.02|dew=0.12|canopy=0.08
0.1,68,0.5396825396825397,68,0.12,0.06,0.02,1.0,0,False,126,1.0,720,False,248,0,68,0,0,316,68,68,dry=0.06|dry_vent=0.02|dew=0.12|canopy=0.10
0.12,99,0.7857142857142857,99,0.12,0.06,0.02,1.0,0,False,126,1.0,720,False,248,0,99,0,0,347,99,99,dry=0.06|dry_vent=0.02|dew=0.12|canopy=0.12
0.0,6,0.047619047619047616,6,0.0,0.06,0.04,0.0,0,False,126,0.75,720,False,248,0,6,0,0,254,6,6,dry=0.06|dry_vent=0.04|dew=0.00|canopy=0.00
0.04,6,0.047619047619047616,6,0.0,0.06,0.04,0.0,0,False,126,0.75,720,False,248,0,6,0,0,254,6,6,dry=0.06|dry_vent=0.04|dew=0.00|canopy=0.04
0.06,21,0.16666666666666666,21,0.0,0.06,0.04,1.0,0,False,126,0.75,720,False,248,0,21,0,0,269,21,21,dry=0.06|dry_vent=0.04|dew=0.00|canopy=0.06
0.08,24,0.19047619047619047,24,0.0,0.06,0.04,1.0,0,False,126,0.75,720,False,248,0,24,0,0,272,24,24,dry=0.06|dry_vent=0.04|dew=0.00|canopy=0.08
0.1,28,0.2222222222222222,28,0.0,0.06,0.04,1.0,0,False,126,0.75,720,False,248,0,28,0,0,276,28,28,dry=0.06|dry_vent=0.04|dew=0.00|canopy=0.10
0.12,59,0.46825396825396826,59,0.0,0.06,0.04,1.0,0,False,126,1.0,720,False,248,0,59,0,0,307,59,59,dry=0.06|dry_vent=0.04|dew=0.00|canopy=0.12
0.0,6,0.047619047619047616,6,0.04,0.06,0.04,0.0,0,False,126,0.75,720,False,248,0,6,0,0,254,6,6,dry=0.06|dry_vent=0.04|dew=0.04|canopy=0.00
0.04,6,0.047619047619047616,6,0.04,0.06,0.04,0.0,0,False,126,0.75,720,False,248,0,6,0,0,254,6,6,dry=0.06|dry_vent=0.04|dew=0.04|canopy=0.04
0.06,21,0.16666666666666666,21,0.04,0.06,0.04,1.0,0,False,126,0.75,720,False,248,0,21,0,0,269,21,21,dry=0.06|dry_vent=0.04|dew=0.04|canopy=0.06
0.08,24,0.19047619047619047,24,0.04,0.06,0.04,1.0,0,False,126,0.75,720,False,248,0,24,0,0,272,24,24,dry=0.06|dry_vent=0.04|dew=0.04|canopy=0.08
0.1,28,0.2222222222222222,28,0.04,0.06,0.04,1.0,0,False,126,0.75,720,False,248,0,28,0,0,276,28,28,dry=0.06|dry_vent=0.04|dew=0.04|canopy=0.10
0.12,59,0.46825396825396826,59,0.04,0.06,0.04,1.0,0,False,126,1.0,720,False,248,0,59,0,0,307,59,59,dry=0.06|dry_vent=0.04|dew=0.04|canopy=0.12
0.0,6,0.047619047619047616,6,0.06,0.06,0.04,0.0,0,False,126,0.75,720,False,248,0,6,0,0,254,6,6,dry=0.06|dry_vent=0.04|dew=0.06|canopy=0.00
0.04,6,0.047619047619047616,6,0.06,0.06,0.04,0.0,0,False,126,0.75,720,False,248,0,6,0,0,254,6,6,dry=0.06|dry_vent=0.04|dew=0.06|canopy=0.04
0.06,21,0.16666666666666666,21,0.06,0.06,0.04,1.0,0,False,126,0.75,720,False,248,0,21,0,0,269,21,21,dry=0.06|dry_vent=0.04|dew=0.06|canopy=0.06
0.08,24,0.19047619047619047,24,0.06,0.06,0.04,1.0,0,False,126,0.75,720,False,248,0,24,0,0,272,24,24,dry=0.06|dry_vent=0.04|dew=0.06|canopy=0.08
0.1,28,0.2222222222222222,28,0.06,0.06,0.04,1.0,0,False,126,0.75,720,False,248,0,28,0,0,276,28,28,dry=0.06|dry_vent=0.04|dew=0.06|canopy=0.10
0.12,59,0.46825396825396826,59,0.06,0.06,0.04,1.0,0,False,126,1.0,720,False,248,0,59,0,0,307,59,59,dry=0.06|dry_vent=0.04|dew=0.06|canopy=0.12
0.0,21,0.16666666666666666,21,0.08,0.06,0.04,0.0,0,False,126,0.75,720,False,248,0,21,0,0,269,21,21,dry=0.06|dry_vent=0.04|dew=0.08|canopy=0.00
0.04,21,0.16666666666666666,21,0.08,0.06,0.04,0.0,0,False,126,0.75,720,False,248,0,21,0,0,269,21,21,dry=0.06|dry_vent=0.04|dew=0.08|canopy=0.04
0.06,36,0.2857142857142857,36,0.08,0.06,0.04,1.0,0,False,126,0.75,720,False,248,0,36,0,0,284,36,36,dry=0.06|dry_vent=0.04|dew=0.08|canopy=0.06
0.08,39,0.30952380952380953,39,0.08,0.06,0.04,1.0,0,False,126,0.75,720,False,248,0,39,0,0,287,39,39,dry=0.06|dry_vent=0.04|dew=0.08|canopy=0.08
0.1,43,0.3412698412698413,43,0.08,0.06,0.04,1.0,0,False,126,0.75,720,False,248,0,43,0,0,291,43,43,dry=0.06|dry_vent=0.04|dew=0.08|canopy=0.10
0.12,74,0.5873015873015873,74,0.08,0.06,0.04,1.0,0,False,126,1.0,720,False,248,0,74,0,0,322,74,74,dry=0.06|dry_vent=0.04|dew=0.08|canopy=0.12
0.0,28,0.2222222222222222,28,0.1,0.06,0.04,0.0,0,False,126,0.75,720,False,248,0,28,0,0,276,28,28,dry=0.06|dry_vent=0.04|dew=0.10|canopy=0.00
0.04,28,0.2222222222222222,28,0.1,0.06,0.04,0.0,0,False,126,0.75,720,False,248,0,28,0,0,276,28,28,dry=0.06|dry_vent=0.04|dew=0.10|canopy=0.04
0.06,43,0.3412698412698413,43,0.1,0.06,0.04,1.0,0,False,126,0.75,720,False,248,0,43,0,0,291,43,43,dry=0.06|dry_vent=0.04|dew=0.10|canopy=0.06
0.08,46,0.36507936507936506,46,0.1,0.06,0.04,1.0,0,False,126,0.75,720,False,248,0,46,0,0,294,46,46,dry=0.06|dry_vent=0.04|dew=0.10|canopy=0.08
0.1,50,0.3968253968253968,50,0.1,0.06,0.04,1.0,0,False,126,0.75,720,False,248,0,50,0,0,298,50,50,dry=0.06|dry_vent=0.04|dew=0.10|canopy=0.10
0.12,81,0.6428571428571429,81,0.1,0.06,0.04,1.0,0,False,126,1.0,720,False,248,0,81,0,0,329,81,81,dry=0.06|dry_vent=0.04|dew=0.10|canopy=0.12
0.0,46,0.36507936507936506,46,0.12,0.06,0.04,0.0,0,False,126,1.0,720,False,248,0,46,0,0,294,46,46,dry=0.06|dry_vent=0.04|dew=0.12|canopy=0.00
0.04,46,0.36507936507936506,46,0.12,0.06,0.04,0.0,0,False,126,1.0,720,False,248,0,46,0,0,294,46,46,dry=0.06|dry_vent=0.04|dew=0.12|canopy=0.04
0.06,61,0.48412698412698413,61,0.12,0.06,0.04,1.0,0,False,126,1.0,720,False,248,0,61,0,0,309,61,61,dry=0.06|dry_vent=0.04|dew=0.12|canopy=0.06
0.08,64,0.5079365079365079,64,0.12,0.06,0.04,1.0,0,False,126,1.0,720,False,248,0,64,0,0,312,64,64,dry=0.06|dry_vent=0.04|dew=0.12|canopy=0.08
0.1,68,0.5396825396825397,68,0.12,0.06,0.04,1.0,0,False,126,1.0,720,False,248,0,68,0,0,316,68,68,dry=0.06|dry_vent=0.04|dew=0.12|canopy=0.10
0.12,99,0.7857142857142857,99,0.12,0.06,0.04,1.0,0,False,126,1.0,720,False,248,0,99,0,0,347,99,99,dry=0.06|dry_vent=0.04|dew=0.12|canopy=0.12
0.0,31,0.24603174603174602,31,0.0,0.06,0.06,1.0,0,False,126,1.0,720,False,248,0,31,0,0,279,31,31,dry=0.06|dry_vent=0.06|dew=0.00|canopy=0.00
0.04,31,0.24603174603174602,31,0.0,0.06,0.06,1.0,0,False,126,1.0,720,False,248,0,31,0,0,279,31,31,dry=0.06|dry_vent=0.06|dew=0.00|canopy=0.04
0.06,46,0.36507936507936506,46,0.0,0.06,0.06,1.0,0,False,126,1.0,720,False,248,0,46,0,0,294,46,46,dry=0.06|dry_vent=0.06|dew=0.00|canopy=0.06
0.08,49,0.3888888888888889,49,0.0,0.06,0.06,1.0,0,False,126,1.0,720,False,248,0,49,0,0,297,49,49,dry=0.06|dry_vent=0.06|dew=0.00|canopy=0.08
0.1,53,0.42063492063492064,53,0.0,0.06,0.06,1.0,0,False,126,1.0,720,False,248,0,53,0,0,301,53,53,dry=0.06|dry_vent=0.06|dew=0.00|canopy=0.10
0.12,84,0.6666666666666666,84,0.0,0.06,0.06,0.0,0,False,126,1.0,720,False,248,0,84,0,0,332,84,84,dry=0.06|dry_vent=0.06|dew=0.00|canopy=0.12
0.0,31,0.24603174603174602,31,0.04,0.06,0.06,1.0,0,False,126,1.0,720,False,248,0,31,0,0,279,31,31,dry=0.06|dry_vent=0.06|dew=0.04|canopy=0.00
0.04,31,0.24603174603174602,31,0.04,0.06,0.06,1.0,0,False,126,1.0,720,False,248,0,31,0,0,279,31,31,dry=0.06|dry_vent=0.06|dew=0.04|canopy=0.04
0.06,46,0.36507936507936506,46,0.04,0.06,0.06,1.0,0,False,126,1.0,720,False,248,0,46,0,0,294,46,46,dry=0.06|dry_vent=0.06|dew=0.04|canopy=0.06
0.08,49,0.3888888888888889,49,0.04,0.06,0.06,1.0,0,False,126,1.0,720,False,248,0,49,0,0,297,49,49,dry=0.06|dry_vent=0.06|dew=0.04|canopy=0.08
0.1,53,0.42063492063492064,53,0.04,0.06,0.06,1.0,0,False,126,1.0,720,False,248,0,53,0,0,301,53,53,dry=0.06|dry_vent=0.06|dew=0.04|canopy=0.10
0.12,84,0.6666666666666666,84,0.04,0.06,0.06,0.0,0,False,126,1.0,720,False,248,0,84,0,0,332,84,84,dry=0.06|dry_vent=0.06|dew=0.04|canopy=0.12
0.0,31,0.24603174603174602,31,0.06,0.06,0.06,1.0,0,False,126,1.0,720,False,248,0,31,0,0,279,31,31,dry=0.06|dry_vent=0.06|dew=0.06|canopy=0.00
0.04,31,0.24603174603174602,31,0.06,0.06,0.06,1.0,0,False,126,1.0,720,False,248,0,31,0,0,279,31,31,dry=0.06|dry_vent=0.06|dew=0.06|canopy=0.04
0.06,46,0.36507936507936506,46,0.06,0.06,0.06,1.0,0,False,126,1.0,720,False,248,0,46,0,0,294,46,46,dry=0.06|dry_vent=0.06|dew=0.06|canopy=0.06
0.08,49,0.3888888888888889,49,0.06,0.06,0.06,1.0,0,False,126,1.0,720,False,248,0,49,0,0,297,49,49,dry=0.06|dry_vent=0.06|dew=0.06|canopy=0.08
0.1,53,0.42063492063492064,53,0.06,0.06,0.06,1.0,0,False,126,1.0,720,False,248,0,53,0,0,301,53,53,dry=0.06|dry_vent=0.06|dew=0.06|canopy=0.10
0.12,84,0.6666666666666666,84,0.06,0.06,0.06,0.0,0,False,126,1.0,720,False,248,0,84,0,0,332,84,84,dry=0.06|dry_vent=0.06|dew=0.06|canopy=0.12
0.0,46,0.36507936507936506,46,0.08,0.06,0.06,1.0,0,False,126,1.0,720,False,248,0,46,0,0,294,46,46,dry=0.06|dry_vent=0.06|dew=0.08|canopy=0.00
0.04,46,0.36507936507936506,46,0.08,0.06,0.06,1.0,0,False,126,1.0,720,False,248,0,46,0,0,294,46,46,dry=0.06|dry_vent=0.06|dew=0.08|canopy=0.04
0.06,61,0.48412698412698413,61,0.08,0.06,0.06,1.0,0,False,126,0.9142857142857143,720,False,248,0,61,0,0,309,61,61,dry=0.06|dry_vent=0.06|dew=0.08|canopy=0.06
0.08,64,0.5079365079365079,64,0.08,0.06,0.06,1.0,0,False,126,0.8285714285714285,720,False,248,0,64,0,0,312,64,64,dry=0.06|dry_vent=0.06|dew=0.08|canopy=0.08
0.1,68,0.5396825396825397,68,0.08,0.06,0.06,1.0,0,False,126,0.7142857142857143,720,False,248,0,68,0,0,316,68,68,dry=0.06|dry_vent=0.06|dew=0.08|canopy=0.10
0.12,99,0.7857142857142857,99,0.08,0.06,0.06,0.0,0,False,126,0.625,720,False,248,0,99,0,0,347,99,99,dry=0.06|dry_vent=0.06|dew=0.08|canopy=0.12
0.0,53,0.42063492063492064,53,0.1,0.06,0.06,1.0,0,False,126,1.0,720,False,248,0,53,0,0,301,53,53,dry=0.06|dry_vent=0.06|dew=0.10|canopy=0.00
0.04,53,0.42063492063492064,53,0.1,0.06,0.06,1.0,0,False,126,1.0,720,False,248,0,53,0,0,301,53,53,dry=0.06|dry_vent=0.06|dew=0.10|canopy=0.04
0.06,68,0.5396825396825397,68,0.1,0.06,0.06,1.0,0,False,126,0.9142857142857143,720,False,248,0,68,0,0,316,68,68,dry=0.06|dry_vent=0.06|dew=0.10|canopy=0.06
0.08,71,0.5634920634920635,71,0.1,0.06,0.06,1.0,0,False,126,0.8285714285714285,720,False,248,0,71,0,0,319,71,71,dry=0.06|dry_vent=0.06|dew=0.10|canopy=0.08
0.1,75,0.5952380952380952,75,0.1,0.06,0.06,1.0,0,False,126,0.7142857142857143,720,False,248,0,75,0,0,323,75,75,dry=0.06|dry_vent=0.06|dew=0.10|canopy=0.10
0.12,106,0.8412698412698413,106,0.1,0.06,0.06,0.0,0,False,126,0.44999999999999996,720,False,248,0,106,0,0,354,106,106,dry=0.06|dry_vent=0.06|dew=0.10|canopy=0.12
0.0,71,0.5634920634920635,71,0.12,0.06,0.06,1.0,0,False,126,1.0,720,False,248,0,71,0,0,319,71,71,dry=0.06|dry_vent=0.06|dew=0.12|canopy=0.00
0.04,71,0.5634920634920635,71,0.12,0.06,0.06,1.0,0,False,126,1.0,720,False,248,0,71,0,0,319,71,71,dry=0.06|dry_vent=0.06|dew=0.12|canopy=0.04
0.06,86,0.6825396825396826,86,0.12,0.06,0.06,1.0,0,False,126,0.9142857142857143,720,False,248,0,86,0,0,334,86,86,dry=0.06|dry_vent=0.06|dew=0.12|canopy=0.06
0.08,89,0.7063492063492064,89,0.12,0.06,0.06,1.0,0,False,126,0.8285714285714285,720,False,248,0,89,0,0,337,89,89,dry=0.06|dry_vent=0.06|dew=0.12|canopy=0.08
0.1,93,0.7380952380952381,93,0.12,0.06,0.06,1.0,0,False,126,0.7142857142857143,720,False,248,0,93,0,0,341,93,93,dry=0.06|dry_vent=0.06|dew=0.12|canopy=0.10
0.12,124,0.9841269841269841,124,0.12,0.06,0.06,0.0,0,True,126,0.25,720,False,248,0,124,0,0,372,124,124,dry=0.06|dry_vent=0.06|dew=0.12|canopy=0.12
